cefr levels,grammar,infinitive,imperativ,presens,preteritum,supinum
A1,att,vara,var,är,var,varit
A1,att,ha,ha,har,hade,haft
A1,att,kunna,,kan,kunde,kunnat
A1,att,unna,unna,unnar,unnade,unnat
A1,att,få,,får,fick,fått
A1,att,bli,bli,blir,blev,blivit
A1,att,komma,kom,kommer,kom,kommit
A1,att,vilja,,vill,ville,velat
A1,att,göra,gör,gör,gjorde,gjort
A1,att,finna,finn,finner,fann,funnit
A1,att,ta (el. taga),,tar,tog,tagit
A1,att,se,,ser,såg,sett
A1,att,gå,,går,gick,gått
A1,att,säga,,säger,sa/sade,sagt
A1,att,äga,,äger,ägde,ägt
A1,att,betyda,,betyder,betydde,betytt
A1,att,ge (formellt giva),,ger,gav,gett
A1,att,skriva,,skriver,skrev,skrivit
A1,att,te sig,,ter sig,tedde sig,tett sig
A1,att,riva,,river,rev,rivit
A1,att,börja,,börjar,började,börjat
A1,att,tro,,tror,trodde,trott
A1,att,tycka,,tycker,tyckte,tyckt
A1,att,veta,,vet,visste,vetat
A1,att,försöka,,försöker,försökte,försökt
A1,att,behöva,,behöver,behövde,behövt
A1,att,känna,,känner,kände,känt
A1,att,läsa,,läser,läste,läst
A1,att,ro,,ror,rodde,rott
A1,att,låta,,låter,lät,låtit
A1,att,stå,,står,stod,stått
A1,att,visa,,visar,visade,visat
A1,att,använda,,använder,använde,använt
A1,att,vända,,vänder,vände,vänt
A1,att,hålla,,håller,höll,hållit
A1,att,tänka,,tänker,tänkte,tänkt
A1,att,söka,,söker,sökte,sökt
A1,att,ligga,,ligger,låg,legat
A1,att,lägga,,lägger,la/lade,lagt
A1,att,anse,,anser,ansåg,ansett
A1,att,öva,,övar,övade,övat
A1,att,handla,,handlar,handlade,handlat
A1,att,öka,,ökar,ökade,ökat
A1,att,skapa,,skapar,skapade,skapat
A1,att,kapa,,kapar,kapade,kapat
A1,att,gälla,,gäller,gällde,gällt
A1,att,verka,,verkar,verkade,verkat
A1,att,tala,,talar,talade,talat
A1,att,bära,,bär,bar,burit
A1,att,höra,,hör,hörde,hört
A1,att,innebära,,innebärar,innebärade,innebärat
A1,att,välja,,väljer,valde,valt
A1,att,förstå,,förstår,förstod,förstått
A1,att,spela,,spelar,spelade,spelat
A1,att,hitta,,hittar,hittade,hittat
A1,att,dra,,drar,drog,dragit
A1,att,leda,,ledar,ledade,ledat
A1,att,lyckas,,lyckas,lyckades,lyckats
A1,att,lära,,lär,lärde,lärt
A1,att,sätta,,sätter,satte,satt
A1,att,lämna,,lämnar,lämnade,lämnat
A1,att,bygga,,bygger,byggde,byggt
A1,att,kalla,,kallar,kallade,kallat
A1,att,leva,,levar,levade,levat
A1,att,ställa,,ställar,ställade,ställat
A1,att,följa,,följer,följde,följt
A1,att,ske,,sker,skedde,skett
A1,att,kräva,,krävar,krävade,krävat
A1,att,ena,,enar,enade,enat
A1,att,svara,,svär,SVor,svurit
A1,att,fortsätta,,fortsätter,fortsatte,fortsatt
A1,att,bruka,,brukar,brukade,brukat
A1,att,mena,,menar,menade,menat
A1,att,slå,,slår,slog,slagit
A1,att,hända,,händer,hände,hänt
A1,att,arbeta,,arbetar,arbetade,arbetat
A1,att,fungera (vardagl. funka),,fungerar,fungerade,fungerat
A1,att,beta,,betar,betade,betat
A1,att,köpa,,köper,köpte,köpt
A1,att,sitta,,sitter,satt,suttit
A1,att,åta sig,,åtar sig,åtog sig,åtagit sig
A1,att,berätta,,berättar,berättade,berättat
A1,att,rätta,,rättar,rättade,rättat
A1,att,sluta,,slutar,slutade,slutat
A1,att,åka,,åker,åkte,åkt
A1,att,betala,,betalar,betalade,betalat/betalt
A1,att,utveckla,,utvecklar,utvecklade,utvecklat
A1,att,föra,,för,förde,fört
A1,att,hjälpa,,hjälper,hjälpte,hjälpt
A1,att,vinna,,vinner,vann,vunnit
A1,att,vänta,,väntar,väntade,väntat
A1,att,jobba,,jobbar,jobbade,jobbat
A1,att,klara,,klarar,klarade,klarat
A1,att,prata,,pratar,pratade,pratat
A1,att,fråga,,frågar,frågade,frågat
A1,att,anmäla,,anmälar,anmälade,anmälat
A1,att,nå,,når,nådde,nått
A1,att,bo,,bor,bodde,bott
A1,att,stämma,,stämmer,stämde,stämt
A1,att,dela,,delar,delade,delat
A1,att,köra,,kör,körde,kört
A1,att,hoppas,,hoppas,hoppades,hoppats
A1,att,förklara,,förklarar,förklarade,förklarat
A1,att,tvinga,,tvingar,tvang/tvingade,tvungit/tvingat
A1,att,påverka,,påverkar,påverkade,påverkat
A1,att,titta,,tittar,tittade,tittat
A1,att,minska,,minskar,minskade,minskat
A1,att,bestämma,,bestämmar,bestämmade,bestämmat
A1,att,skicka,,skickar,skickade,skickat
A1,att,ändra,,ändrar,ändrade,ändrat
A1,att,träffa,,träffar,träffade,träffat
A1,att,diskutera,,diskuterar,diskuterade,diskuterat
A1,att,driva,,driver,drev,drivit
A1,att,sälja,,säljer,sålde,sålt
A1,att,sakna,,saknar,saknade,saknat
A1,att,länka,,länkar,länkade,länkat
A1,att,tyda,,tydar,tydade,tydat
A1,att,genomföra,,genomför,genomförde,genomfört
A1,att,räkna,,räknar,räknade,räknat
A1,att,beskriva,,beskrivar,beskrivade,beskrivat
A1,att,möta,,mötar,mötade,mötat
A1,att,heta,,heter,hette,hetat
A1,att,äta,,äter,åt,atit
A1,att,flytta,,flyttar,flyttade,flyttat
A1,att,utgöra,,utgörar,utgörade,utgörat
A1,att,röra,,rörar,rörade,rörat
A1,att,dö,,dör,dog,dött
A1,att,växa,,växer,vaxte,växt/vuxit
A1,att,våga,,vågar,vågade,vågat
A1,att,fatta,,fattar,fattade,fattat
A1,att,nämna,,nämnar,nämnade,nämnat
A1,att,be (el. bedja),,ber,bad,bett
A1,att,anta,,antar,antade,antat
A1,att,föreslå,,föreslår,föreslog,föreslagit
A1,att,undra,,undrar,undrade,undrat
A1,att,lyssna,,lyssnar,lyssnade,lyssnat
A1,att,delta,,deltar,deltade,deltat
A1,att,falla,,faller,föll,fallit
A1,att,starta,,startar,startade,startat
A1,att,inse,,inser,insåg,insett
A1,att,bidra,,bidrar,bidrade,bidrat
A1,att,luta,,lutar,lutade,lutat
A1,att,bero,,beror,berodde,berott
A1,att,minnas,,minns,mindes,mints
A1,att,rösta,,röstar,röstade,röstat
A1,att,kommentera,,kommenterar,kommenterade,kommenterat
A1,att,gilla,,gillar,gillade,gillat
A1,att,bryta,,bryter,bröt,brutit
A1,att,innehålla,,innehållar,innehållade,innehållat
A1,att,bjuda,,bjuder,bjöd,bjudit
A1,att,hävda,,hävdar,hävdade,hävdat
A1,att,hamna,,hamnar,hamnade,hamnat
A1,att,hinna,,hinner,hann,hunnit
A1,att,må,,mår,mådde,mått
A1,att,släppa,,släppar,släppade,släppat
A1,att,passa,,passar,passade,passat
A1,att,öppna,,öppnar,öppnade,öppnat
A1,att,införa,,införar,införade,införat
A1,att,erbjuda,,erbjudar,erbjudade,erbjudat
A1,att,ingå,,ingår,ingick,ingått
A1,att,bestå,,består,bestod,bestått
A1,att,konstatera,,konstaterar,konstaterade,konstaterat
A1,att,styra,,styrar,styrade,styrat
A1,att,förlora,,förlorar,förlorade,förlorat
A1,att,påstå,,påstår,påstod,påstått
A1,att,besluta,,besluter,beslöt,beslutit
A1,att,avse,,avser,avsåg,avsett
A1,att,stödja,,stödjar,stödjade,stödjat
A1,att,glömma,,glömmer,glömde,glömt
A1,att,förändra,,förändrar,förändrade,förändrat
A1,att,ange,,anger,angav,angett
A1,att,älska,,älskar,älskade,älskat
A1,att,presentera,,presenterar,presenterade,presenterat
A1,att,stanna,,stannar,stannade,stannat
A1,att,byta,,bytar,bytade,bytat
A1,att,uppleva,,upplevar,upplevade,upplevat
A1,att,samla,,samlar,samlade,samlat
A1,att,lösa,,lösar,lösade,lösat
A1,att,kolla,,kollar,kollade,kollat
A1,att,fylla,,fyller,fyllde,fyllt
A1,att,drabba,,drabbar,drabbade,drabbat
A1,att,fara,,far,for,farit
A1,att,tjäna,,tjänar,tjänade,tjänat
A1,att,behandla,,behandlar,behandlade,behandlat
A1,att,utföra,,utförar,utförade,utförat
A1,att,räcka,,räckar,räckade,räckat
A1,att,fundera,,funderar,funderade,funderat
A1,att,uppstå,,uppstår,uppstod,uppstått
A1,att,acceptera,,accepterar,accepterade,accepterat
A1,att,bilda,,bildar,bildade,bildat
A1,att,försvinna,,försvinner,forsvann,försvunnit
A1,att,sprida,,sprider,spred/spridde,spridit/spritt
A1,att,önska,,önskar,önskade,önskat
A1,att,publicera,,publicerar,publicerade,publicerat
A1,att,tillhöra,,tillhörar,tillhörade,tillhörat
A1,att,omfatta,,omfattar,omfattade,omfattat
A1,att,befinna,,befinnar,befinnade,befinnat
A1,att,skilja,,skiljer,skilde,skilt
A1,att,döda,,dödar,dödade,dödat
A1,att,peka,,pekar,pekade,pekat
A1,att,ringa,,ringer,ringde,ringt
A1,att,betrakta,,betraktar,betraktade,betraktat
A1,att,hänga,,hänger,hängde,hängt
A1,att,tillåta,,tillåtar,tillåtade,tillåtat
A1,att,förekomma,,förekommer,förekom,förekommit
A1,att,stoppa,,stoppar,stoppade,stoppat
A1,att,rycka,,ryckar,ryckade,ryckat
A1,att,trycka,,trycker,tryckte,tryckt
A1,att,kosta,,kostar,kostade,kostat
A1,att,uttrycka,,uttryckar,uttryckade,uttryckat
A1,att,resa,,reser,reste,rest
A1,att,förbättra,,förbättrar,förbättrade,förbättrat
A1,att,rädda,,räddar,räddade,räddat
A1,att,agera,,agerar,agerade,agerat
A1,att,uppnå,,uppnår,uppnådde,uppnått
A1,att,jämföra (förk. jfr),,jämförar,jämförade,jämförat
A1,att,hantera,,hanterar,hanterade,hanterat
A1,att,förvänta,,förväntar,förväntade,förväntat
A1,att,vika,,viker,vek,vikit/vikt
A1,att,döma,,dömer,dömde,dömt
A1,att,besöka,,besöker,besökte,besökt
A1,att,täcka,,täckar,täckade,täckat
A1,att,inleda,,inledar,inledade,inledat
A1,att,undvika,,undvikar,undvikade,undvikat
A1,att,höja,,höjar,höjade,höjat
A1,att,råka,,råkar,råkade,råkat
A1,att,upptäcka,,upptäckar,upptäckade,upptäckat
A1,att,erkänna,,erkänner,erkände,erkänt
A1,att,kasta,,kastar,kastade,kastat
A1,att,bedöma,,bedömar,bedömade,bedömat
A1,att,toppa,,toppar,toppade,toppat
A1,att,skydda,,skyddar,skyddade,skyddat
A1,att,nyttja,,nyttjar,nyttjade,nyttjat
A1,att,utnyttja,,utnyttjar,utnyttjade,utnyttjat
A1,att,pågå,,pågår,pågick,pågått
A1,att,försvara,,försvarar,försvarade,försvarat
A1,att,lyfta,,lyftar,lyftade,lyftat
A1,att,märka,,märkar,märkade,märkat
A1,att,ösa,,ösar,ösade,ösat
A1,att,ersätta,,ersättar,ersättade,ersättat
A1,att,ägna,,ägnar,ägnade,ägnat
A1,att,satsa,,satsar,satsade,satsat
A1,att,rida,,rider,red,ridit
A1,att,avsluta,,avslutar,avslutade,avslutat
A1,att,sova,,sover,SOV,sovit
A1,att,föda,,föder,födde,fött
A1,att,skjuta,,skjuter,sköt,skjutit
A1,att,hämta,,hämtar,hämtade,hämtat
A1,att,påpeka,,påpekar,påpekade,påpekat
A1,att,bättra,,bättrar,bättrade,bättrat
A1,att,skaffa,,skaffar,skaffade,skaffat
A1,att,utgå,,utgår,utgick,utgått
A1,att,stärka,,stärkar,stärkade,stärkat
A1,att,utsätta,,utsättar,utsättade,utsättat
A1,att,kämpa,,kämpar,kämpade,kämpat
A1,att,eka,,ekar,ekade,ekat
A1,att,hoppa,,hoppar,hoppade,hoppat
A1,att,avgöra,,avgörar,avgörade,avgörat
A1,att,sända,,sändar,sändade,sändat
A1,att,missa,,missar,missade,missat
A1,att,bedriva,,bedriver,bedrev,bedrivit
A1,att,anföra,,anförar,anförade,anförat
A1,att,hindra,,hindrar,hindrade,hindrat
A1,att,meddela,,meddelar,meddelade,meddelat
A1,att,tillämpa,,tillämpar,tillämpade,tillämpat
A1,att,kritisera,,kritiserar,kritiserade,kritiserat
A1,att,springa,,springer,sprang,sprungit
A1,att,uppfatta,,uppfattar,uppfattade,uppfattat
A1,att,stänga,,stänger,stängde,stängt
A1,att,råda,,rådar,rådade,rådat
A1,att,slippa,,slipper,slapp,sluppit
A1,att,dyka,,dykar,dykade,dykat
A1,att,orka,,orkar,orkade,orkat
A1,att,kontrollera,,kontrollerar,kontrollerade,kontrollerat
A1,att,planera,,planerar,planerade,planerat
A1,att,lova,,lovar,lovade,lovat
A1,att,citera,,citerar,citerade,citerat
A1,att,sköta,,skötar,skötade,skötat
A1,att,vägra,,vägrar,vägrade,vägrat
A1,att,framgå,,framgår,framgick,framgått
A1,att,studera,,studerar,studerade,studerat
A1,att,tolka,,tolkar,tolkade,tolkat
A1,att,behålla,,behåller,behöll,behållit
A1,att,dricka,,dricker,drack,druckit
A1,att,bry sig,,bryr sig,brydde sig,brytt sig
A1,att,notera,,noterar,noterade,noterat
A1,att,sänka,,sänkar,sänkade,sänkat
A1,att,medföra,,medförar,medförade,medförat
A1,att,ifrågasätta,,ifrågasättar,ifrågasättade,ifrågasättat
A1,att,stiga,,stiger,steg,stigit
A1,att,tiga,,tiger,teg,tigit
A1,att,väcka,,väckar,väckade,väckat
A1,att,leta,,letar,letade,letat
A1,att,riskera,,riskerar,riskerade,riskerat
A1,att,tappa,,tappar,tappade,tappat
A1,att,spara,,sparar,sparade,sparat
A1,att,klicka,,klickar,klickade,klickat
A1,att,synas,,syns,syntes,synts
A1,att,fastställa,,fastställar,fastställade,fastställat
A1,att,tacka,,tackar,tackade,tackat
A1,att,hota,,hotar,hotade,hotat
A1,att,existera,,existerar,existerade,existerat
A2,att,rikta,,riktar,riktade,riktat
A2,att,locka,,lockar,lockade,lockat
A2,att,redovisa,,redovisar,redovisade,redovisat
A2,att,para,,parar,parade,parat
A2,att,störa,,störar,störade,störat
A2,att,rapportera,,rapporterar,rapporterade,rapporterat
A2,att,begära,,begär,begärde,begärt
A2,att,producera,,producerar,producerade,producerat
A2,att,begå,,begår,begick,begått
A2,att,förstöra,,förstörar,förstörade,förstörat
A2,att,grunda,,grundar,grundade,grundat
A2,att,skada,,skadar,skadade,skadat
A2,att,uppfylla,,uppfyllar,uppfyllade,uppfyllat
A2,att,akta,,aktar,aktade,aktat
A2,att,syfta,,syftar,syftade,syftat
A2,att,orsaka,,orsakar,orsakade,orsakat
A2,att,plocka,,plockar,plockade,plockat
A2,att,sjunga,,sjunger,sjöng,sjungit
A2,att,vakna,,vaknar,vaknade,vaknat
A2,att,träna,,tränar,tränade,tränat
A2,att,vidta,,vidtar,vidtade,vidtat
A2,att,mana,,manar,manade,manat
A2,att,uppmana,,uppmanar,uppmanade,uppmanat
A2,att,lida,,lider,led,lidit
A2,att,avslöja,,avslöjar,avslöjade,avslöjat
A2,att,återvända,,återvändar,återvändade,återvändat
A2,att,placera,,placerar,placerade,placerat
A2,att,ana,,anar,anade,anat
A2,att,pröva,,prövar,prövade,prövat
A2,att,rekommendera,,rekommenderar,rekommenderade,rekommenderat
A2,att,återkomma,,återkommar,återkommade,återkommat
A2,att,bevisa,,bevisar,bevisade,bevisat
A2,att,förbjuda,,förbjuder,förbjöd,förbjudit
A2,att,uttala,,uttalar,uttalade,uttalat
A2,att,fira,,firar,firade,firat
A2,att,påminna,,påminnar,påminnade,påminnat
A2,att,beröra,,berör,berörde,berört
A2,att,anpassa,,anpassar,anpassade,anpassat
A2,att,begränsa,,begränsar,begränsade,begränsat
A2,att,fly,,flyr,flydde,flytt
A2,att,ladda,,laddar,laddade,laddat
A2,att,passera,,passerar,passerade,passerat
A2,att,främja,,främjar,främjade,främjat
A2,att,undersöka,,undersökar,undersökade,undersökat
A2,att,testa,,testar,testade,testat
A2,att,upphöra,,upphörar,upphörade,upphörat
A2,att,reagera,,reagerar,reagerade,reagerat
A2,att,hänvisa,,hänvisar,hänvisade,hänvisat
A2,att,förhindra,,förhindrar,förhindrade,förhindrat
A2,att,godkänna,,godkännar,godkännade,godkännat
A2,att,beräkna,,beräknar,beräknade,beräknat
A2,att,fixa,,fixar,fixade,fixat
A2,att,inträffa,,inträffar,inträffade,inträffat
A2,att,överleva,,överlevar,överlevade,överlevat
A2,att,låna,,lånar,lånade,lånat
A2,att,framhålla,,framhållar,framhållade,framhållat
A2,att,laga,,lagar,lagade,lagat
A2,att,likna,,liknar,liknade,liknat
A2,att,lita,,litar,litade,litat
A2,att,granska,,granskar,granskade,granskat
A2,att,bekräfta,,bekräftar,bekräftade,bekräftat
A2,att,förbli,,förblir,förblev,förblivit
A2,att,flyga,,flyger,flög,flugit
A2,att,gifta,,giftar,giftade,giftat
A2,att,träda,,trädar,trädade,trädat
A2,att,sjunka,,sjunker,sjönk,sjunkit
A2,att,representera,,representerar,representerade,representerat
A2,att,motsvara,,motsvarar,motsvarade,motsvarat
A2,att,uppskatta,,uppskattar,uppskattade,uppskattat
A2,att,blanda,,blandar,blandade,blandat
A2,att,åstadkomma,,åstadkommar,åstadkommade,åstadkommat
A2,att,framstå,,framstår,framstod,framstått
A2,att,leverera,,levererar,levererade,levererat
A2,att,gripa,,griper,grep,gripit
A2,att,njuta,,njuter,njöt,njutit
A2,att,posta,,postar,postade,postat
A2,att,runda,,rundar,rundade,rundat
A2,att,bereda,,beredar,beredade,beredat
A2,att,uppmärksamma,,uppmärksammar,uppmärksammade,uppmärksammat
A2,att,skratta,,skrattar,skrattade,skrattat
A2,att,underlätta,,underlättar,underlättade,underlättat
A2,att,föreligga,,föreliggar,föreliggade,föreliggat
A2,att,garantera,,garanterar,garanterade,garanterat
A2,att,utse,,utser,utsåg,utsett
A2,att,framföra,,framförar,framförade,framförat
A2,att,utöva,,utövar,utövade,utövat
A2,att,fokusera,,fokuserar,fokuserade,fokuserat
A2,att,reda,,redar,redade,redat
A2,att,ordna,,ordnar,ordnade,ordnat
A2,att,närma sig,,närmar sig,närmade sig,närmat sig
A2,att,skrika,,skriker,skrek,skrikit
A2,att,avskaffa,,avskaffar,avskaffade,avskaffat
A2,att,uppge,,uppger,uppgav,uppgett
A2,att,definiera,,definierar,definierade,definierat
A2,att,beställa,,beställer,beställde,beställt
A2,att,bevara,,bevarar,bevarade,bevarat
A2,att,väga,,väger,vägde,vägt
A2,att,misslyckas,,misslyckas,misslyckades,misslyckats
A2,att,finansiera,,finansierar,finansierade,finansierat
A2,att,klaga,,klagar,klagade,klagat
A2,att,skatta,,skattar,skattade,skattat
A2,att,upprätta,,upprättar,upprättade,upprättat
A2,att,gynna,,gynnar,gynnade,gynnat
A2,att,leka,,lekar,lekade,lekat
A2,att,upprepa,,upprepar,upprepade,upprepat
A2,att,förutsätta,,förutsättar,förutsättade,förutsättat
A2,att,lätta,,lättar,lättade,lättat
A2,att,ropa,,ropar,ropade,ropat
A2,att,bekämpa,,bekämpar,bekämpade,bekämpat
A2,att,förstärka,,förstärkar,förstärkade,förstärkat
A2,att,betona,,betonar,betonade,betonat
A2,att,förbereda,,förberedar,förberedade,förberedat
A2,att,koppla,,kopplar,kopplade,kopplat
A2,att,forma,,formar,formade,format
A2,att,samarbeta,,samarbetar,samarbetade,samarbetat
A2,att,slänga,,slängar,slängade,slängat
A2,att,neka,,nekar,nekade,nekat
A2,att,tona,,tonar,tonade,tonat
A2,att,återstå,,återstår,återstod,återstått
A2,att,vila,,vilar,vilade,vilat
A2,att,framställa,,framställar,framställade,framställat
A2,att,misstänka,,misstänkar,misstänkade,misstänkat
A2,att,logga,,loggar,loggade,loggat
A2,att,erhålla,,erhållar,erhållade,erhållat
A2,att,sticka,,sticker,stack,stuckit
A2,att,mäta,,mätar,mätade,mätat
A2,att,medverka,,medverkar,medverkade,medverkat
A2,att,fånga,,fångar,fångade,fångat
A2,att,blogga,,bloggar,bloggade,bloggat
A2,att,prova,,provar,provade,provat
A2,att,prägla,,präglar,präglade,präglat
A2,att,måla,,målar,målade,målat
A2,att,identifiera,,identifierar,identifierade,identifierat
A2,att,resultera,,resulterar,resulterade,resulterat
A2,att,jaga,,jagar,jagade,jagat
A2,att,stöta,,stötar,stötade,stötat
A2,att,förneka,,förnekar,förnekade,förnekat
A2,att,upprätthålla,,upprätthållar,upprätthållade,upprätthållat
A2,att,analysera,,analyserar,analyserade,analyserat
A2,att,uppmuntra,,uppmuntrar,uppmuntrade,uppmuntrat
A2,att,lyda,,lyder,löd/lydde,lydit/lytt
A2,att,kontakta,,kontaktar,kontaktade,kontaktat
A2,att,medge,,medger,medgav,medgett
A2,att,gränsa,,gränsar,gränsade,gränsat
A2,att,ansluta,,anslutar,anslutade,anslutat
A2,att,föredra,,föredrar,föredrade,föredrat
A2,att,välkomna,,välkomnar,välkomnade,välkomnat
A2,att,tillverka,,tillverkar,tillverkade,tillverkat
A2,att,anklaga,,anklagar,anklagade,anklagat
A2,att,förtjäna,,förtjänar,förtjänade,förtjänat
A2,att,avstå,,avstår,avstod,avstått
A2,att,variera,,varierar,varierade,varierat
A2,att,dominera,,dominerar,dominerade,dominerat
A2,att,utreda,,utredar,utredade,utredat
A2,att,förvandla,,förvandlar,förvandlade,förvandlat
A2,att,påbörja,,påbörjar,påbörjade,påbörjat
A2,att,organisera,,organiserar,organiserade,organiserat
A2,att,teckna,,tecknar,tecknade,tecknat
A2,att,säkra,,säkrar,säkrade,säkrat
A2,att,hälsa,,hälsar,hälsade,hälsat
A2,att,hata,,hatar,hatade,hatat
A2,att,gissa,,gissar,gissade,gissat
A2,att,beakta,,beaktar,beaktade,beaktat
A2,att,reglera,,reglerar,reglerade,reglerat
A2,att,etablera,,etablerar,etablerade,etablerat
A2,att,respektera,,respekterar,respekterade,respekterat
A2,att,inta,,intar,intade,intat
A2,att,rulla,,rullar,rullade,rullat
A2,att,motivera,,motiverar,motiverade,motiverat
A2,att,snacka,,snackar,snackade,snackat
A2,att,förmedla,,förmedlar,förmedlade,förmedlat
A2,att,tillhandahålla,,tillhandahållar,tillhandahållade,tillhandahållat
A2,att,informera,,informerar,informerade,informerat
A2,att,utforma,,utformar,utformade,utformat
A2,att,mörda,,mördar,mördade,mördat
A2,att,sträcka,,sträckar,sträckade,sträckat
A2,att,säkerställa,,säkerställar,säkerställade,säkerställat
A2,att,lysa,,lysar,lysade,lysat
A2,att,syna,,synar,synade,synat
A2,att,servera,,serverar,serverade,serverat
A2,att,inrätta,,inrättar,inrättade,inrättat
A2,att,strida,,strider,stred,stridit
A2,att,skylla,,skyllar,skyllade,skyllat
A2,att,engagera,,engagerar,engagerade,engagerat
A2,att,förefalla,,förefallar,förefallade,förefallat
A2,att,dölja,,döljer,dolde,dolt
A2,att,sträva,,strävar,strävade,strävat
A2,att,vandra,,vandrar,vandrade,vandrat
A2,att,registrera,,registrerar,registrerade,registrerat
A2,att,argumentera,,argumenterar,argumenterade,argumenterat
A2,att,uppgå,,uppgår,uppgick,uppgått
A2,att,gråta,,gråter,grät,gråtit
A2,att,förespråka,,förespråkar,förespråkade,förespråkat
A2,att,bevilja,,beviljar,beviljade,beviljat
A2,att,förmå,,förmår,förmådde,förmått
A2,att,formulera,,formulerar,formulerade,formulerat
A2,att,bränna,,bränner,brände,bränt
A2,att,föreställa,,föreställar,föreställade,föreställat
A2,att,landa,,landar,landade,landat
A2,att,låsa,,låsar,låsade,låsat
A2,att,varna,,varnar,varnade,varnat
A2,att,anställa,,anställer,anställde,anställt
A2,att,syssla,,sysslar,sysslade,sysslat
A2,att,drömma,,drömmar,drömmade,drömmat
A2,att,överväga,,övervägar,övervägade,övervägat
A2,att,lämpa sig,,lämpar sig,lämpade sig,lämpat sig
A2,att,lura,,lurar,lurade,lurat
A2,att,besvara,,besvarar,besvarade,besvarat
A2,att,ljuga,,ljuger,ljög,ljugit
A2,att,översätta,,översätter,översatte,översatt
A2,att,inkludera,,inkluderar,inkluderade,inkluderat
A2,att,förena,,förenar,förenade,förenat
A2,att,prioritera,,prioriterar,prioriterade,prioriterat
A2,att,tillägga,,tilläggar,tilläggade,tilläggat
A2,att,blåsa,,blåser,blåste,blåst
A2,att,överlämna,,överlämnar,överlämnade,överlämnat
A2,att,fastna,,fastnar,fastnade,fastnat
A2,att,motverka,,motverkar,motverkade,motverkat
A2,att,komplettera,,kompletterar,kompletterade,kompletterat
A2,att,bota,,botar,botade,botat
A2,att,bege sig,,beger sig,begav sig,begivit sig
A2,att,lansera,,lanserar,lanserade,lanserat
A2,att,basera,,baserar,baserade,baserat
A2,att,skära,,skär,skar,skurit
A2,att,gömma,,gömmer,gömde,gömt
A2,att,uppträda,,uppträdar,uppträdade,uppträdat
A2,att,övergå,,övergår,övergick,övergått
A2,att,investera,,investerar,investerade,investerat
A2,att,uppkomma,,uppkommar,uppkommade,uppkommat
A2,att,somna,,somnar,somnade,somnat
A2,att,utesluta,,uteslutar,uteslutade,uteslutat
A2,att,anlända,,anländer,anlände,anlänt
A2,att,röja,,röjar,röjade,röjat
A2,att,rena,,renar,renade,renat
A2,att,stjäla,,stjäl,stal,stulit
A2,att,protestera,,protesterar,protesterade,protesterat
A2,att,tillkomma,,tillkommar,tillkommade,tillkommat
A2,att,bemöta,,bemötar,bemötade,bemötat
A2,att,tränga,,trängar,trängade,trängat
A2,att,överföra,,överförar,överförade,överförat
A2,att,brinna,,brinner,brann,brunnit
A2,att,rinna,,rinner,rann,runnit
A2,att,rymma,,rymmar,rymmade,rymmat
A2,att,sammanfatta,,sammanfattar,sammanfattade,sammanfattat
A2,att,dröja,,dröjar,dröjade,dröjat
A2,att,avbryta,,avbrytar,avbrytade,avbrytat
A2,att,gräva,,gräver,grävde,grävt
A2,att,stryka,,stryker,strök,strukit
A2,att,roa,,roar,roade,roat
A2,att,understryka,,understrykar,understrykade,understrykat
A2,att,möjliggöra,,möjliggörar,möjliggörade,möjliggörat
A2,att,markera,,markerar,markerade,markerat
A2,att,skaka,,skakar,skakade,skakat
A2,att,värna,,värnar,värnade,värnat
A2,att,skämma,,skämmar,skämmade,skämmat
A2,att,vittna,,vittnar,vittnade,vittnat
A2,att,spendera,,spenderar,spenderade,spenderat
A2,att,ansvara,,ansvarar,ansvarade,ansvarat
A2,att,trivas,,trivs,trivdes,trivts
A2,att,le,,ler,log,lett
A2,att,oroa,,oroar,oroade,oroat
A2,att,knyta,,knyter,knöt,knutit
A2,att,förhålla sig,,förhåller sig,förhöll sig,förhållit sig
A2,att,tipsa,,tipsar,tipsade,tipsat
A2,att,boka,,bokar,bokade,bokat
A2,att,återfinna,,återfinnar,återfinnade,återfinnat
A2,att,överge,,överger,övergav,övergett
A2,att,bringa,,bringar,bringade,bringat
A2,att,hylla,,hyllar,hyllade,hyllat
A2,att,resonera,,resonerar,resonerade,resonerat
A2,att,tillbringa,,tillbringar,tillbringade,tillbringat
A2,att,längta,,längtar,längtade,längtat
A2,att,ryka,,rykar,rykade,rykat
A2,att,bete sig,,beter sig,betedde sig,betett sig
A2,att,dansa,,dansar,dansade,dansat
A2,att,nöja sig,,nöjer sig,nöjde sig,nöjt sig
A2,att,kliva,,kliver,klev,klivit
A2,att,antyda,,antydar,antydade,antydat
A2,att,innefatta,,innefattar,innefattade,innefattat
A2,att,kommunicera,,kommunicerar,kommunicerade,kommunicerat
A2,att,genomgå,,genomgår,genomgick,genomgått
A2,att,besegra,,besegrar,besegrade,besegrat
A2,att,utfärda,,utfärdar,utfärdade,utfärdat
A2,att,stimulera,,stimulerar,stimulerade,stimulerat
A2,att,utöka,,utökar,utökade,utökat
A2,att,angripa,,angripar,angripade,angripat
A2,att,attackera,,attackerar,attackerade,attackerat
A2,att,slita,,sliter,slet,slitit
A2,att,föreskriva,,föreskrivar,föreskrivade,föreskrivat
A2,att,hyra,,hyr,hyrde,hyrt
A2,att,löpa,,löpar,löpade,löpat
A2,att,tillföra,,tillförar,tillförade,tillförat
A2,att,utarbeta,,utarbetar,utarbetade,utarbetat
A2,att,skrämma,,skrämmar,skrämmade,skrämmat
A2,att,tillsätta,,tillsättar,tillsättade,tillsättat
A2,att,yrka,,yrkar,yrkade,yrkat
A2,att,tävla,,tävlar,tävlade,tävlat
A2,att,utbilda,,utbildar,utbildade,utbildat
A2,att,avvisa,,avvisar,avvisade,avvisat
A2,att,umgås,,umgås,umgicks,umgåtts
A2,att,arrangera,,arrangerar,arrangerade,arrangerat
A2,att,pressa,,pressar,pressade,pressat
A2,att,fälla,,fäller,fällde,fällt
A2,att,smaka,,smakar,smakade,smakat
A2,att,värdera,,värderar,värderade,värderat
A2,att,fördela,,fördelar,fördelade,fördelat
A2,att,reducera,,reducerar,reducerade,reducerat
A2,att,kopiera,,kopierar,kopierade,kopierat
A2,att,förhandla,,förhandlar,förhandlade,förhandlat
A2,att,koncentrera,,koncentrerar,koncentrerade,koncentrerat
B1,att,avgå,,avgår,avgick,avgått
B1,att,inneha,,innehar,innehade,innehat
B1,att,strunta,,struntar,struntade,struntat
B1,att,instämma,,instämmar,instämmade,instämmat
B1,att,debattera,,debatterar,debatterade,debatterat
B1,att,anordna,,anordnar,anordnade,anordnat
B1,att,försäkra,,försäkrar,försäkrade,försäkrat
B1,att,begripa,,begriper,begrep,begripit
B1,att,kränka,,kränkar,kränkade,kränkat
B1,att,krossa,,krossar,krossade,krossat
B1,att,övertyga,,övertygar,övertygade,övertygat
B1,att,sörja,,sörjar,sörjade,sörjat
B1,att,inspirera,,inspirerar,inspirerade,inspirerat
B1,att,tilldela,,tilldelar,tilldelade,tilldelat
B1,att,döpa,,döpar,döpade,döpat
B1,att,avsätta,,avsättar,avsättade,avsättat
B1,att,kombinera,,kombinerar,kombinerade,kombinerat
B1,att,observera,,observerar,observerade,observerat
B1,att,intressera,,intresserar,intresserade,intresserat
B1,att,klippa,,klipper,klippte,klippt
B1,att,sparka,,sparkar,sparkade,sparkat
B1,att,undervisa,,undervisar,undervisade,undervisat
B1,att,yttra,,yttrar,yttrade,yttrat
B1,att,försämra,,försämrar,försämrade,försämrat
B1,att,odla,,odlar,odlade,odlat
B1,att,vidga,,vidgar,vidgade,vidgat
B1,att,motsätta sig,,motsätter sig,motsatte sig,motsatt sig
B1,att,utvidga,,utvidgar,utvidgade,utvidgat
B1,att,intervjua,,intervjuar,intervjuade,intervjuat
B1,att,cykla,,cyklar,cyklade,cyklat
B1,att,offra,,offrar,offrade,offrat
B1,att,installera,,installerar,installerade,installerat
B1,att,utge,,utger,utgav,utgett
B1,att,tillkännage,,tillkännager,tillkännagav,tillkännagett
B1,att,utmana,,utmanar,utmanade,utmanat
B1,att,bita,,biter,bet,bitit
B1,att,skänka,,skänkar,skänkade,skänkat
B1,att,förse,,förser,försåg,försett
B1,att,förverkliga,,förverkligar,förverkligade,förverkligat
B1,att,vistas,,vistas,vistades,vistats
B1,att,datera,,daterar,daterade,daterat
B1,att,erövra,,erövrar,erövrade,erövrat
B1,att,vaka,,vakar,vakade,vakat
B1,att,straffa,,straffar,straffade,straffat
B1,att,fördöma,,fördömar,fördömade,fördömat
B1,att,rasa,,rasar,rasade,rasat
B1,att,avlida,,avlider,avled,avlidit
B1,att,flyta,,flyter,flöt,flutit
B1,att,binda,,binder,band,bundit
B1,att,belysa,,belysar,belysade,belysat
B1,att,övervaka,,övervakar,övervakade,övervakat
B1,att,förlåta,,förlåtar,förlåtade,förlåtat
B1,att,uppdatera,,uppdaterar,uppdaterade,uppdaterat
B1,att,motta,,mottar,mottade,mottat
B1,att,utspela sig,,utspelar sig,utspelade sig,utspelat sig
B1,att,kvarstå,,kvarstår,kvarstod,kvarstått
B1,att,låtsas,,låtsas,låtsades,låtsats
B1,att,segla,,seglar,seglade,seglat
B1,att,tvätta,,tvättar,tvättade,tvättat
B1,att,framkomma,,framkommar,framkommade,framkommat
B1,att,skildra,,skildrar,skildrade,skildrat
B1,att,försörja,,försörjer,försörjde,försörjt
B1,att,röka,,röker,rökte,rökt
B1,att,anfalla,,anfallar,anfallade,anfallat
B1,att,spåra,,spårar,spårade,spårat
B1,att,klä (el. kläda),,klär,klädde,klätt
B1,att,konkurrera,,konkurrerar,konkurrerade,konkurrerat
B1,att,tända,,tänder,tände,tänt
B1,att,backa,,backar,backade,backat
B1,att,rita,,ritar,ritade,ritat
B1,att,ignorera,,ignorerar,ignorerade,ignorerat
B1,att,befria,,befriar,befriade,befriat
B1,att,beteckna,,betecknar,betecknade,betecknat
B1,att,predika,,predikar,predikade,predikat
B1,att,reflektera,,reflekterar,reflekterade,reflekterat
B1,att,klargöra,,klargörar,klargörade,klargörat
B1,att,tendera,,tenderar,tenderade,tenderat
B1,att,glädja,,gläd(i)er,gladde,glatt
B1,att,segra,,segrar,segrade,segrat
B1,att,inrikta,,inriktar,inriktade,inriktat
B1,att,förvåna,,förvånar,förvånade,förvånat
B1,att,packa,,packar,packade,packat
B1,att,bortse,,bortser,bortsåg,bortsett
B1,att,redogöra,,redogörar,redogörade,redogörat
B1,att,avslå,,avslår,avslog,avslagit
B1,att,tillgodose,,tillgodoser,tillgodosåg,tillgodosett
B1,att,tvivla,,tvivlar,tvivlade,tvivlat
B1,att,framträda,,framträdar,framträdade,framträdat
B1,att,förlänga,,förlängar,förlängade,förlängat
B1,att,spegla,,speglar,speglade,speglat
B1,att,städa,,städar,städade,städat
B1,att,uppvisa,,uppvisar,uppvisade,uppvisat
B1,att,ansöka,,ansöker,ansökte,ansökt
B1,att,beklaga,,beklagar,beklagade,beklagat
B1,att,uppföra,,uppförar,uppförade,uppförat
B1,att,fria,,friar,friade,friat
B1,att,bevaka,,bevakar,bevakade,bevakat
B1,att,integrera,,integrerar,integrerade,integrerat
B1,att,återgå,,återgår,återgick,återgått
B1,att,svänga,,svängar,svängade,svängat
B1,att,överstiga,,överstigar,överstigade,överstigat
B1,att,skärpa,,skärpar,skärpade,skärpat
B1,att,radera,,raderar,raderade,raderat
B1,att,frukta,,fruktar,fruktade,fruktat
B1,att,tåla,,tål,tålde,tålt
B1,att,åberopa,,åberopar,åberopade,åberopat
B1,att,lagra,,lagrar,lagrade,lagrat
B1,att,skita,,skitar,skitade,skitat
B1,att,företräda,,företrädar,företrädade,företrädat
B1,att,ångra,,ångrar,ångrade,ångrat
B1,att,ingripa,,ingripar,ingripade,ingripat
B1,att,tröttna,,tröttnar,tröttnade,tröttnat
B1,att,generera,,genererar,genererade,genererat
B1,att,krypa,,kryper,kröp,krupit
B1,att,underteckna,,undertecknar,undertecknade,undertecknat
B1,att,förebygga,,förebyggar,förebyggade,förebyggat
B1,att,lukta,,luktar,luktade,luktat
B1,att,ursäkta,,ursäktar,ursäktade,ursäktat
B1,att,demonstrera,,demonstrerar,demonstrerade,demonstrerat
B1,att,godta,,godtar,godtade,godtat
B1,att,andas,,andas,andades,andats
B1,att,suga,,suger,sög,sugit
B1,att,forska,,forskar,forskade,forskat
B1,att,rensa,,rensar,rensade,rensat
B1,att,utvärdera,,utvärderar,utvärderade,utvärderat
B1,att,glida,,glider,gled,glidit
B1,att,introducera,,introducerar,introducerade,introducerat
B1,att,försvåra,,försvårar,försvårade,försvårat
B1,att,illustrera,,illustrerar,illustrerade,illustrerat
B1,att,tveka,,tvekar,tvekade,tvekat
B1,att,förkasta,,förkastar,förkastade,förkastat
B1,att,anlita,,anlitar,anlitade,anlitat
B1,att,avfärda,,avfärdar,avfärdade,avfärdat
B1,att,överensstämma,,överensstämmar,överensstämmade,överensstämmat
B1,att,ogilla,,ogillar,ogillade,ogillat
B1,att,omvandla,,omvandlar,omvandlade,omvandlat
B1,att,duga,,duger,dög,dugit
B1,att,störta,,störtar,störtade,störtat
B1,att,överta,,övertar,övertade,övertat
B1,att,återge,,återger,återgav,återgett
B1,att,koka,,kokar,kokade,kokat
B1,att,överklaga,,överklagar,överklagade,överklagat
B1,att,vrida,,vrider,vred,vridit
B1,att,fästa,,fästar,fästade,fästat
B1,att,häva,,hävar,hävade,hävat
B1,att,upphäva,,upphävar,upphävade,upphävat
B1,att,offentliggöra,,offentliggörar,offentliggörade,offentliggörat
B1,att,kompensera,,kompenserar,kompenserade,kompenserat
B1,att,återställa,,återställar,återställade,återställat
B1,att,förutse,,förutser,förutsåg,förutsett
B1,att,stötta,,stöttar,stöttade,stöttat
B1,att,värma,,värmar,värmade,värmat
B1,att,ramla,,ramlar,ramlade,ramlat
B1,att,skynda,,skyndar,skyndade,skyndat
B1,att,bada,,badar,badade,badat
B1,att,referera,,refererar,refererade,refererat
B1,att,förvalta,,förvaltar,förvaltade,förvaltat
B1,att,regna,,regnar,regnade,regnat
B1,att,spekulera,,spekulerar,spekulerade,spekulerat
B1,att,upplösa,,upplösar,upplösade,upplösat
B1,att,blockera,,blockerar,blockerade,blockerat
B1,att,hysa,,hysar,hysade,hysat
B1,att,benämna,,benämnar,benämnade,benämnat
B1,att,uppta,,upptar,upptade,upptat
B1,att,erinra,,erinrar,erinrade,erinrat
B1,att,klättra,,klättrar,klättrade,klättrat
B1,att,rusa,,rusar,rusade,rusat
B1,att,plugga,,pluggar,pluggade,pluggat
B1,att,avveckla,,avvecklar,avvecklade,avvecklat
B1,att,bibehålla,,bibehållar,bibehållade,bibehållat
B1,att,smyga,,smyger,smög,smugit
B1,att,vårda,,vårdar,vårdade,vårdat
B1,att,lista,,listar,listade,listat
B1,att,lugna,,lugnar,lugnade,lugnat
B1,att,hugga,,hugger,högg,huggit
B1,att,åtala,,åtalar,åtalade,åtalat
B1,att,transportera,,transporterar,transporterade,transporterat
B1,att,reta,,retar,retade,retat
B1,att,ärva,,ärvar,ärvade,ärvat
B1,att,föregå,,föregår,föregick,föregått
B1,att,smälta,,smältar,smältade,smältat
B1,att,styrka,,styrkar,styrkade,styrkat
B1,att,frysa,,fryser,frös,frusit
B1,att,försvaga,,försvagar,försvagade,försvagat
B1,att,simma,,simmar,simmade,simmat
B1,att,fotografera (vardagl. fota),,fotograferar,fotograferade,fotograferat
B1,att,påvisa,,påvisar,påvisade,påvisat
B1,att,trampa,,trampar,trampade,trampat
B1,att,torka,,torkar,torkade,torkat
B1,att,spränga,,sprängar,sprängade,sprängat
B1,att,känneteckna,,kännetecknar,kännetecknade,kännetecknat
B1,att,fördjupa,,fördjupar,fördjupade,fördjupat
B1,att,vänja,,vänjer,vande,vant
B1,att,undgå,,undgår,undgick,undgått
B1,att,avrätta,,avrättar,avrättade,avrättat
B1,att,fullfölja,,fullföljar,fullföljade,fullföljat
B1,att,foga,,fogar,fogade,fogat
B1,att,blunda,,blundar,blundade,blundat
B1,att,värva,,värvar,värvade,värvat
B1,att,sikta,,siktar,siktade,siktat
B1,att,avvika,,avvikar,avvikade,avvikat
B1,att,verkställa,,verkställar,verkställade,verkställat
B1,att,svära,,svärar,svärade,svärat
B1,att,deklarera,,deklarerar,deklarerade,deklarerat
B1,att,imponera,,imponerar,imponerade,imponerat
B1,att,frigöra,,frigörar,frigörade,frigörat
B1,att,upplysa,,upplysar,upplysade,upplysat
B1,att,färdas,,färdas,färdades,färdats
B1,att,brista,,brister,brast,brustit
B1,att,överlåta,,överlåtar,överlåtade,överlåtat
B1,att,konsumera,,konsumerar,konsumerade,konsumerat
B1,att,förfölja,,förföljar,förföljade,förföljat
B1,att,fordra,,fordrar,fordrade,fordrat
B1,att,kika,,kikar,kikade,kikat
B1,att,svika,,sviker,svek,svikit
B1,att,utropa,,utropar,utropade,utropat
B1,att,gnälla,,gnällar,gnällade,gnällat
B1,att,eftersträva,,eftersträvar,eftersträvade,eftersträvat
B1,att,förflytta,,förflyttar,förflyttade,förflyttat
B1,att,härska,,härskar,härskade,härskat
B1,att,förknippa,,förknippar,förknippade,förknippat
B1,att,inskränka,,inskränkar,inskränkade,inskränkat
B1,att,prestera,,presterar,presterade,presterat
B1,att,regera,,regerar,regerade,regerat
B1,att,sortera,,sorterar,sorterade,sorterat
B1,att,misshandla,,misshandlar,misshandlade,misshandlat
B1,att,bliva,,blir,blev,blivit
B1,att,anlägga,,anläggar,anläggade,anläggat
B1,att,breda,,bredar,bredade,bredat
B2,att,marknadsföra,,marknadsförar,marknadsförade,marknadsförat
B2,att,anstränga,,anstränger,ansträngde,ansträngt
B2,att,växla,,växlar,växlade,växlat
B2,att,förvärva,,förvärvar,förvärvade,förvärvat
B2,att,belöna,,belönar,belönade,belönat
B2,att,importera,,importerar,importerade,importerat
B2,att,behärska,,behärskar,behärskade,behärskat
B2,att,utrota,,utrotar,utrotade,utrotat
B2,att,uppfinna,,uppfinnar,uppfinnade,uppfinnat
B2,att,inbilla,,inbillar,inbillade,inbillat
B2,att,avge,,avger,avgav,avgett
B2,att,löna sig,,lönar sig,lönade sig,lönat sig
B2,att,konstruera,,konstruerar,konstruerade,konstruerat
B2,att,åtgärda,,åtgärdar,åtgärdade,åtgärdat
B2,att,släpa,,släpar,släpade,släpat
B2,att,utforska,,utforskar,utforskade,utforskat
B2,att,invadera,,invaderar,invaderade,invaderat
B2,att,justera,,justerar,justerade,justerat
B2,att,läcka,,läckar,läckade,läckat
B2,att,efterlysa,,efterlysar,efterlysade,efterlysat
B2,att,samordna,,samordnar,samordnade,samordnat
B2,att,mata,,matar,matade,matat
B2,att,ålägga,,åläggar,åläggade,åläggat
B2,att,framkalla,,framkallar,framkallade,framkallat
B2,att,inbjuda,,inbjudar,inbjudade,inbjudat
B2,att,utplåna,,utplånar,utplånade,utplånat
B2,att,bearbeta,,bearbetar,bearbetade,bearbetat
B2,att,snurra,,snurrar,snurrade,snurrat
B2,att,förvara,,förvarar,förvarade,förvarat
B2,att,rota,,rotar,rotade,rotat
B2,att,sammanställa,,sammanställar,sammanställade,sammanställat
B2,att,stirra,,stirrar,stirrade,stirrat
B2,att,uppenbara,,uppenbarar,uppenbarade,uppenbarat
B2,att,maila,,mailar,mailade,mailat
B2,att,beordra,,beordrar,beordrade,beordrat
B2,att,förbinda,,förbindar,förbindade,förbindat
B2,att,fullgöra,,fullgörar,fullgörade,fullgörat
B2,att,missbruka,,missbrukar,missbrukade,missbrukat
B2,att,förvärra,,förvärrar,förvärrade,förvärrat
B2,att,indikera,,indikerar,indikerade,indikerat
B2,att,förnya,,förnyar,förnyade,förnyat
B2,att,inhämta,,inhämtar,inhämtade,inhämtat
B2,att,dämpa,,dämpar,dämpade,dämpat
B2,att,mobilisera,,mobiliserar,mobiliserade,mobiliserat
B2,att,expandera,,expanderar,expanderade,expanderat
B2,att,förkunna,,förkunnar,förkunnade,förkunnat
B2,att,böja,,böjer,böjde,böjt
B2,att,förenkla,,förenklar,förenklade,förenklat
B2,att,viga,,vigar,vigade,vigat
B2,att,tömma,,tömmar,tömmade,tömmat
B2,att,utmärka,,utmärkar,utmärkade,utmärkat
B2,att,mista,,mistar,mistade,mistat
B2,att,besitta,,besittar,besittade,besittat
B2,att,initiera,,initierar,initierade,initierat
B2,att,härstamma,,härstammar,härstammade,härstammat
B2,att,promenera,,promenerar,promenerade,promenerat
B2,att,supa,,super,söp,supit
B2,att,poängtera,,poängterar,poängterade,poängterat
B2,att,ockupera,,ockuperar,ockuperade,ockuperat
B2,att,rekrytera,,rekryterar,rekryterade,rekryterat
B2,att,krama,,kramar,kramade,kramat
B2,att,provocera,,provocerar,provocerade,provocerat
B2,att,samtala,,samtalar,samtalade,samtalat
B2,att,omge,,omger,omgav,omgett
B2,att,företa,,företar,företade,företat
B2,att,eliminera,,eliminerar,eliminerade,eliminerat
B2,att,filma,,filmar,filmade,filmat
B2,att,spana,,spanar,spanade,spanat
B2,att,motarbeta,,motarbetar,motarbetade,motarbetat
B2,att,tilltala,,tilltalar,tilltalade,tilltalat
B2,att,splittra,,splittrar,splittrade,splittrat
B2,att,bosätta sig,,bosätter sig,bosatte sig,bosatt sig
B2,att,dokumentera,,dokumenterar,dokumenterade,dokumenterat
B2,att,tillskriva,,tillskrivar,tillskrivade,tillskrivat
B2,att,erfara,,erfarar,erfarade,erfarat
B2,att,bromsa,,bromsar,bromsade,bromsat
B2,att,bråka,,bråkar,bråkade,bråkat
B2,att,balansera,,balanserar,balanserade,balanserat
B2,att,stifta,,stiftar,stiftade,stiftat
B2,att,korsa,,korsar,korsade,korsat
B2,att,avlägsna,,avlägsnar,avlägsnade,avlägsnat
B2,att,infinna sig,,infinner sig,infann sig,infunnit sig
B2,att,åtnjuta,,åtnjutar,åtnjutade,åtnjutat
B2,att,förlita sig,,förlitar sig,förlitade sig,förlitat sig
B2,att,förlägga,,förläggar,förläggade,förläggat
B2,att,iaktta,,iakttar,iakttade,iakttat
B2,att,bekänna,,bekännar,bekännade,bekännat
B2,att,stava,,stavar,stavade,stavat
B2,att,exportera,,exporterar,exporterade,exporterat
B2,att,surfa,,surfar,surfade,surfat
B2,att,plåga,,plågar,plågade,plågat
B2,att,utlova,,utlovar,utlovade,utlovat
B2,att,återta,,återtar,återtade,återtat
B2,att,inträda,,inträdar,inträdade,inträdat
B2,att,inviga,,invigar,invigade,invigat
B2,att,strömma,,strömmar,strömmade,strömmat
B2,att,kartlägga,,kartläggar,kartläggade,kartläggat
B2,att,övervinna,,övervinnar,övervinnade,övervinnat
B2,att,förtydliga,,förtydligar,förtydligade,förtydligat
B2,att,skåda,,skådar,skådade,skådat
B2,att,bevittna,,bevittnar,bevittnade,bevittnat
B2,att,klassa,,klassar,klassade,klassat
B2,att,begrava,,begraver,begravde/begrov,begravt
B2,att,manipulera,,manipulerar,manipulerade,manipulerat
B2,att,minimera,,minimerar,minimerade,minimerat
B2,att,explodera,,exploderar,exploderade,exploderat
B2,att,operera,,opererar,opererade,opererat
B2,att,bomba,,bombar,bombade,bombat
B2,att,våldta,,våldtar,våldtade,våldtat
B2,att,skruva,,skruvar,skruvade,skruvat
B2,att,slutföra,,slutförar,slutförade,slutförat
B2,att,återspegla,,återspeglar,återspeglade,återspeglat
B2,att,inkomma,,inkommar,inkommade,inkommat
B2,att,utlösa,,utlösar,utlösade,utlösat
B2,att,utnämna,,utnämnar,utnämnade,utnämnat
B2,att,pricka,,prickar,prickade,prickat
B2,att,befara,,befarar,befarade,befarat
B2,att,beundra,,beundrar,beundrade,beundrat
B2,att,bistå,,bistår,bistod,bistått
B2,att,sno,,snor,snodde,snott
B2,att,omsätta,,omsättar,omsättade,omsättat
B2,att,sy,,syr,sydde,sytt
B2,att,invända,,invändar,invändade,invändat
B2,att,underhålla,,underhållar,underhållade,underhållat
B2,att,fiska,,fiskar,fiskade,fiskat
B2,att,tillträda,,tillträdar,tillträdade,tillträdat
B2,att,utvisa,,utvisar,utvisade,utvisat
B2,att,skälla,,skällar,skällade,skällat
B2,att,symbolisera,,symboliserar,symboliserade,symboliserat
B2,att,klämma,,klämmar,klämmade,klämmat
B2,att,samverka,,samverkar,samverkade,samverkat
B2,att,överskrida,,överskridar,överskridade,överskridat
B2,att,aktivera,,aktiverar,aktiverade,aktiverat
B2,att,montera,,monterar,monterade,monterat
B2,att,utbryta,,utbrytar,utbrytade,utbrytat
B2,att,genomsyra,,genomsyrar,genomsyrade,genomsyrat
B2,att,tjänstgöra,,tjänstgörar,tjänstgörade,tjänstgörat
B2,att,fastslå,,fastslår,fastslog,fastslagit
B2,att,återuppta,,återupptar,återupptade,återupptat
B2,att,fördriva,,fördrivar,fördrivade,fördrivat
B2,att,släcka,,släcker,släckte,släckt
B2,att,inbegripa,,inbegripar,inbegripade,inbegripat
B2,att,uppehålla,,uppehållar,uppehållade,uppehållat
B2,att,nicka,,nickar,nickade,nickat
B2,att,inge,,inger,ingav,ingett
B2,att,sammanfalla,,sammanfallar,sammanfallade,sammanfallat
B2,att,hälla,,häller,hällde,hällt
B2,att,käka,,käkar,käkade,käkat
B2,att,svälta,,svälter,svalt/svälte,svultit/svält
B2,att,välta,,vältar,vältade,vältat
B2,att,fängsla,,fängslar,fängslade,fängslat
B2,att,gratulera,,gratulerar,gratulerade,gratulerat
B2,att,vädja,,vädjar,vädjade,vädjat
B2,att,lasta,,lastar,lastade,lastat
B2,att,smitta,,smittar,smittade,smittat
B2,att,påtala,,påtalar,påtalade,påtalat
B2,att,klistra,,klistrar,klistrade,klistrat
B2,att,beskatta,,beskattar,beskattade,beskattat
B2,att,vakta,,vaktar,vaktade,vaktat
B2,att,förtrycka,,förtryckar,förtryckade,förtryckat
B2,att,avta,,avtar,avtade,avtat
B2,att,bläddra,,bläddrar,bläddrade,bläddrat
B2,att,väva,,väver,vävde,vävt
B2,att,spricka,,spricker,sprack,spruckit
B2,att,övertala,,övertalar,övertalade,övertalat
B2,att,härja,,härjar,härjade,härjat
B2,att,annonsera,,annonserar,annonserade,annonserat
B2,att,bekymra,,bekymrar,bekymrade,bekymrat
B2,att,distribuera,,distribuerar,distribuerade,distribuerat
B2,att,bestrida,,bestridar,bestridade,bestridat
B2,att,vifta,,viftar,viftade,viftat
B2,att,hacka,,hackar,hackade,hackat
B2,att,smälla,,smällar,smällade,smällat
B2,att,hänföra,,hänförar,hänförade,hänförat
B2,att,recensera,,recenserar,recenserade,recenserat
B2,att,diskriminera,,diskriminerar,diskriminerade,diskriminerat
B2,att,reformera,,reformerar,reformerade,reformerat
B2,att,fördubbla,,fördubblar,fördubblade,fördubblat
B2,att,redigera,,redigerar,redigerade,redigerat
B2,att,baka,,bakar,bakade,bakat
B2,att,kompromissa,,kompromissar,kompromissade,kompromissat
B2,att,svälja,,sväljer,svalde,svalt
B2,att,tillstyrka,,tillstyrkar,tillstyrkade,tillstyrkat
B2,att,skörda,,skördar,skördade,skördat
B2,att,såga,,sågar,sågade,sågat
B2,att,haka,,hakar,hakade,hakat
B2,att,knacka,,knackar,knackade,knackat
B2,att,utkomma,,utkommar,utkommade,utkommat
B2,att,skryta,,skryter,skröt,skrutit
B2,att,ankomma,,ankommar,ankommade,ankommat
B2,att,avsky,,avskyr,avskydde,avskytt
B2,att,förmoda,,förmodar,förmodade,förmodat
B2,att,pumpa,,pumpar,pumpade,pumpat
B2,att,slopa,,slopar,slopade,slopat
B2,att,avvakta,,avvaktar,avvaktade,avvaktat
B2,att,praktisera,,praktiserar,praktiserade,praktiserat
B2,att,rusta,,rustar,rustade,rustat
B2,att,trilla,,trillar,trillade,trillat
B2,att,handlägga,,handläggar,handläggade,handläggat
B2,att,missförstå,,missförstår,missförstod,missförstått
B2,att,korrigera,,korrigerar,korrigerade,korrigerat
B2,att,försätta,,försättar,försättade,försättat
B2,att,återhämta,,återhämtar,återhämtade,återhämtat
B2,att,donera,,donerar,donerade,donerat
B2,att,överraska,,överraskar,överraskade,överraskat
B2,att,relatera,,relaterar,relaterade,relaterat
B2,att,administrera,,administrerar,administrerade,administrerat
B2,att,konvertera,,konverterar,konverterade,konverterat
B2,att,krympa,,krympar,krympade,krympat
B2,att,underskatta,,underskattar,underskattade,underskattat
B2,att,skifta,,skiftar,skiftade,skiftat
B2,att,halka,,halkar,halkade,halkat
B2,att,konfrontera,,konfronterar,konfronterade,konfronterat
B2,att,kandidera,,kandiderar,kandiderade,kandiderat
B2,att,plantera,,planterar,planterade,planterat
B2,att,aktualisera,,aktualiserar,aktualiserade,aktualiserat
B2,att,undanröja,,undanröjar,undanröjade,undanröjat
B2,att,isolera,,isolerar,isolerade,isolerat
B2,att,shoppa,,shoppar,shoppade,shoppat
B2,att,hedra,,hedrar,hedrade,hedrat
B2,att,tjata,,tjatar,tjatade,tjatat
B2,att,återfå,,återfår,återfick,återfått
B2,att,spänna,,spännar,spännade,spännat
B2,att,marschera,,marscherar,marscherade,marscherat
B2,att,överdriva,,överdrivar,överdrivade,överdrivat
B2,att,propagera,,propagerar,propagerade,propagerat
B2,att,renovera,,renoverar,renoverade,renoverat
B2,att,beröva,,berövar,berövade,berövat
B2,att,slösa,,slösar,slösade,slösat
B2,att,skämta,,skämtar,skämtade,skämtat
B2,att,underrätta,,underrättar,underrättade,underrättat
B2,att,dyrka,,dyrkar,dyrkade,dyrkat
C1,att,omvända,,omvändar,omvändade,omvändat
C1,att,understödja,,understödjar,understödjade,understödjat
C1,att,anamma,,anammar,anammade,anammat
C1,att,arrestera,,arresterar,arresterade,arresterat
C1,att,införliva,,införlivar,införlivade,införlivat
C1,att,återkalla,,återkallar,återkallade,återkallat
C1,att,överträffa,,överträffar,överträffade,överträffat
C1,att,knäcka,,knäckar,knäckade,knäckat
C1,att,befästa,,befästar,befästade,befästat
C1,att,undanta,,undantar,undantade,undantat
C1,att,tysta,,tystar,tystade,tystat
C1,att,stämpla,,stämplar,stämplade,stämplat
C1,att,påskynda,,påskyndar,påskyndade,påskyndat
C1,att,trösta,,tröstar,tröstade,tröstat
C1,att,brottas,,brottas,brottades,brottats
C1,att,stabilisera,,stabiliserar,stabiliserade,stabiliserat
C1,att,hämma,,hämmar,hämmade,hämmat
C1,att,nominera,,nominerar,nominerade,nominerat
C1,att,viska,,viskar,viskade,viskat
C1,att,förfoga,,förfogar,förfogade,förfogat
C1,att,heja,,hejar,hejade,hejat
C1,att,flöda,,flödar,flödade,flödat
C1,att,utebli,,uteblir,uteblev,uteblivit
C1,att,spotta,,spottar,spottade,spottat
C1,att,attrahera,,attraherar,attraherade,attraherat
C1,att,censurera,,censurerar,censurerade,censurerat
C1,att,lindra,,lindrar,lindrade,lindrat
C1,att,omnämna,,omnämnar,omnämnade,omnämnat
C1,att,avspegla,,avspeglar,avspeglade,avspeglat
C1,att,tydliggöra,,tydliggörar,tydliggörade,tydliggörat
C1,att,fortgå,,fortgår,fortgick,fortgått
C1,att,applicera,,applicerar,applicerade,applicerat
C1,att,jämställa,,jämställar,jämställade,jämställat
C1,att,välsigna,,välsignar,välsignade,välsignat
C1,att,blomma,,blommar,blommade,blommat
C1,att,sopa,,sopar,sopade,sopat
C1,att,prenumerera,,prenumererar,prenumererade,prenumererat
C1,att,förfalla,,förfallar,förfallade,förfallat
C1,att,skrapa,,skrapar,skrapade,skrapat
C1,att,uppgradera,,uppgraderar,uppgraderade,uppgraderat
C1,att,anteckna,,antecknar,antecknade,antecknat
C1,att,legitimera,,legitimerar,legitimerade,legitimerat
C1,att,kretsa,,kretsar,kretsade,kretsat
C1,att,intensifiera,,intensifierar,intensifierade,intensifierat
C1,att,jubla,,jublar,jublade,jublat
C1,att,effektivisera,,effektiviserar,effektiviserade,effektiviserat
C1,att,beskåda,,beskådar,beskådade,beskådat
C1,att,härröra,,härrörar,härrörade,härrörat
C1,att,peta,,petar,petade,petat
C1,att,tanka,,tankar,tankade,tankat
C1,att,klappa,,klappar,klappade,klappat
C1,att,varva,,varvar,varvade,varvat
C1,att,fostra,,fostrar,fostrade,fostrat
C1,att,förakta,,föraktar,föraktade,föraktat
C1,att,utbrista,,utbristar,utbristade,utbristat
C1,att,underlåta,,underlåtar,underlåtade,underlåtat
C1,att,pyssla,,pysslar,pysslade,pysslat
C1,att,urholka,,urholkar,urholkade,urholkat
C1,att,skina,,skiner,sken,skinit
C1,att,envisas,,envisas,envisades,envisats
C1,att,trygga,,tryggar,tryggade,tryggat
C1,att,såra,,sårar,sårade,sårat
C1,att,associera,,associerar,associerade,associerat
C1,att,sucka,,suckar,suckade,suckat
C1,att,tillgå,,tillgår,tillgick,tillgått
C1,att,avlyssna,,avlyssnar,avlyssnade,avlyssnat
C1,att,signalera,,signalerar,signalerade,signalerat
A2,att,närma,,närmar,närmade,närmat
A2,att,förhålla,,förhållar,förhållade,förhållat
B1,att,motsätta,,motsättar,motsättade,motsättat
B2,att,bosätta,,bosättar,bosättade,bosättat
B2,att,åta,,åtar,åtade,åtat
B2,att,revidera,,reviderar,reviderade,reviderat
B2,att,återupprätta,,återupprättar,återupprättade,återupprättat
B2,att,prisa,,prisar,prisade,prisat
B2,att,färga,,färgar,färgade,färgat
B2,att,matcha,,matchar,matchade,matchat
B2,att,adoptera,,adopterar,adopterade,adopterat
B2,att,verifiera,,verifierar,verifierade,verifierat
B2,att,tillfredsställa,,tillfredsställar,tillfredsställade,tillfredsställat
B2,att,uppfostra,,uppfostrar,uppfostrade,uppfostrat
B2,att,förbruka,,förbrukar,förbrukade,förbrukat
B2,att,beskylla,,beskyllar,beskyllade,beskyllat
B2,att,reparera,,reparerar,reparerade,reparerat
C1,att,involvera,,involverar,involverade,involverat
C1,att,härleda,,härledar,härledade,härledat
C1,att,utbyta,,utbytar,utbytade,utbytat
C1,att,sponsra,,sponsrar,sponsrade,sponsrat
C1,att,slakta,,slaktar,slaktade,slaktat
C1,att,uppröra,,upprörar,upprörade,upprörat
C1,att,summera,,summerar,summerade,summerat
C1,att,underminera,,underminerar,underminerade,underminerat
C1,att,fullborda,,fullbordar,fullbordade,fullbordat
C1,att,berömma,,berömmar,berömmade,berömmat
C1,att,bestraffa,,bestraffar,bestraffade,bestraffat
C1,att,närvara,,närvarar,närvarade,närvarat
C1,att,sola,,solar,solade,solat
C1,att,berika,,berikar,berikade,berikat
C1,att,underkasta,,underkastar,underkastade,underkastat
C1,att,duscha,,duschar,duschade,duschat
C1,att,tolerera,,tolererar,tolererade,tolererat
C1,att,urskilja,,urskiljar,urskiljade,urskiljat
C1,att,förordna,,förordnar,förordnade,förordnat
C1,att,droppa,,droppar,droppade,droppat
C1,att,tugga,,tuggar,tuggade,tuggat
C1,att,reservera,,reserverar,reserverade,reserverat
C1,att,snöa,,snöar,snöade,snöat
C1,att,implementera,,implementerar,implementerade,implementerat
C1,att,uppbära,,uppbärar,uppbärade,uppbärat
C1,att,separera,,separerar,separerade,separerat
C1,att,kidnappa,,kidnappar,kidnappade,kidnappat
C1,att,framlägga,,framläggar,framläggade,framläggat
C1,att,förorsaka,,förorsakar,förorsakade,förorsakat
C1,att,tortera,,torterar,torterade,torterat
C1,att,befalla,,befallar,befallade,befallat
C1,att,vålla,,vållar,vållade,vållat
C1,att,förutsäga,,förutsägar,förutsägade,förutsägat
C1,att,begrunda,,begrundar,begrundade,begrundat
C1,att,manifestera,,manifesterar,manifesterade,manifesterat
C1,att,bekanta,,bekantar,bekantade,bekantat
C1,att,angå,,angår,angick,angått
C1,att,äventyra,,äventyrar,äventyrade,äventyrat
C1,att,sväva,,svävar,svävade,svävat
C1,att,insistera,,insisterar,insisterade,insisterat
C1,att,exploatera,,exploaterar,exploaterade,exploaterat
C1,att,förväxla,,förväxlar,förväxlade,förväxlat
C1,att,utstå,,utstår,utstod,utstått
C1,att,bädda,,bäddar,bäddade,bäddat
C1,att,grilla,,grillar,grillade,grillat
C1,att,slappna,,slappnar,slappnade,slappnat
C1,att,tippa,,tippar,tippade,tippat
C1,att,precisera,,preciserar,preciserade,preciserat
C1,att,skoja,,skojar,skojade,skojat
C1,att,framhäva,,framhävar,framhävade,framhävat
C1,att,strypa,,strypar,strypade,strypat
C1,att,författa,,författar,författade,författat
C1,att,bifoga,,bifogar,bifogade,bifogat
C1,att,parkera,,parkerar,parkerade,parkerat
C1,att,uträtta,,uträttar,uträttade,uträttat
C1,att,belasta,,belastar,belastade,belastat
C1,att,fascinera,,fascinerar,fascinerade,fascinerat
C1,att,gagna,,gagnar,gagnade,gagnat
C1,att,modifiera,,modifierar,modifierade,modifierat
C1,att,realisera,,realiserar,realiserade,realiserat
C1,att,skymta,,skymtar,skymtade,skymtat
C1,att,avlägga,,avläggar,avläggade,avläggat
C1,att,föreläsa,,föreläser,föreläste,föreläst
C1,att,klassificera,,klassificerar,klassificerade,klassificerat
C1,att,spruta,,sprutar,sprutade,sprutat
C1,att,spärra,,spärrar,spärrade,spärrat
C1,att,blomstra,,blomstrar,blomstrade,blomstrat
C1,att,behaga,,behagar,behagade,behagat
C1,att,drunkna,,drunknar,drunknade,drunknat
C1,att,steka,,stekar,stekade,stekat
C1,att,bedra,,bedrar,bedrade,bedrat
C1,att,läka,,läkar,läkade,läkat
C1,att,tillbe,,tillber,tillbad,tillbett
C1,att,bubbla,,bubblar,bubblade,bubblat
C1,att,kväva,,kvävar,kvävade,kvävat
C1,att,motstå,,motstår,motstod,motstått
C1,att,irritera,,irriterar,irriterade,irriterat
C1,att,pendla,,pendlar,pendlade,pendlat
C1,att,trakassera,,trakasserar,trakasserade,trakasserat
C1,att,ratificera,,ratificerar,ratificerade,ratificerat
C1,att,kyssa,,kyssar,kyssade,kyssat
C1,att,avbilda,,avbildar,avbildade,avbildat
C1,att,tystna,,tystnar,tystnade,tystnat
C1,att,kriga,,krigar,krigade,krigat
C1,att,omkomma,,omkommar,omkommade,omkommat
C1,att,försumma,,försummar,försummade,försummat
C1,att,tillfoga,,tillfogar,tillfogade,tillfogat
C1,att,cirkulera,,cirkulerar,cirkulerade,cirkulerat
C1,att,modernisera,,moderniserar,moderniserade,moderniserat
C1,att,diktera,,dikterar,dikterade,dikterat
C1,att,knäppa,,knäppar,knäppade,knäppat
C1,att,studsa,,studsar,studsade,studsat
C1,att,befordra,,befordrar,befordrade,befordrat
C1,att,intyga,,intygar,intygade,intygat
C1,att,vinka,,vinkar,vinkade,vinkat
C1,att,dumpa,,dumpar,dumpade,dumpat
C1,att,kollapsa,,kollapsar,kollapsade,kollapsat
C1,att,borra,,borrar,borrade,borrat
C1,att,festa,,festar,festade,festat
C1,att,signera,,signerar,signerade,signerat
C1,att,experimentera,,experimenterar,experimenterade,experimenterat
C1,att,anvisa,,anvisar,anvisade,anvisat
C1,att,återvinna,,återvinnar,återvinnade,återvinnat
C1,att,frakta,,fraktar,fraktade,fraktat
C1,att,anslå,,anslår,anslog,anslagit
C1,att,anknyta,,anknytar,anknytade,anknytat
C1,att,avskeda,,avskedar,avskedade,avskedat
C1,att,förkorta,,förkortar,förkortade,förkortat
C1,att,påträffa,,påträffar,påträffade,påträffat
C1,att,disponera,,disponerar,disponerade,disponerat
C1,att,knuffa,,knuffar,knuffade,knuffat
C1,att,uthärda,,uthärdar,uthärdade,uthärdat
C1,att,privatisera,,privatiserar,privatiserade,privatiserat
C1,att,undkomma,,undkommar,undkommade,undkommat
C1,att,blinka,,blinkar,blinkade,blinkat
C1,att,avlösa,,avlösar,avlösade,avlösat
C1,att,betvivla,,betvivlar,betvivlade,betvivlat
C1,att,spinna,,spinner,spann,spunnit
C1,att,proklamera,,proklamerar,proklamerade,proklamerat
C1,att,utelämna,,utelämnar,utelämnade,utelämnat
C1,att,exponera,,exponerar,exponerade,exponerat
C1,att,tillägna,,tillägnar,tillägnade,tillägnat
C1,att,vidarebefordra,,vidarebefordrar,vidarebefordrade,vidarebefordrat
C1,att,frånta,,fråntar,fråntade,fråntat
C1,att,lagstifta,,lagstiftar,lagstiftade,lagstiftat
C1,att,stråla,,strålar,strålade,strålat
C1,att,utvinna,,utvinnar,utvinnade,utvinnat
C1,att,samtycka,,samtyckar,samtyckade,samtyckat
C1,att,underkänna,,underkännar,underkännade,underkännat
C1,att,utrusta,,utrustar,utrustade,utrustat
C1,att,förflyta,,förflytar,förflytade,förflytat
C1,att,färdigställa,,färdigställar,färdigställade,färdigställat
C1,att,applådera,,applåderar,applåderade,applåderat
C1,att,avancera,,avancerar,avancerade,avancerat
C1,att,skingra,,skingrar,skingrade,skingrat
C1,att,underordna,,underordnar,underordnade,underordnat
C1,att,krocka,,krockar,krockade,krockat
C1,att,spola,,spolar,spolade,spolat
C1,att,blöda,,blödar,blödade,blödat
C1,att,kryssa,,kryssar,kryssade,kryssat
C1,att,råna,,rånar,rånade,rånat
C1,att,anförtro,,anförtro(r),anförtrodde,anförtrott
C1,att,filtrera,,filtrerar,filtrerade,filtrerat
C1,att,subventionera,,subventionerar,subventionerade,subventionerat
C1,att,stressa,,stressar,stressade,stressat
C1,att,omfamna,,omfamnar,omfamnade,omfamnat
C1,att,absorbera,,absorberar,absorberade,absorberat
C1,att,specificera,,specificerar,specificerade,specificerat
C1,att,klia,,kliar,kliade,kliat
C1,att,tillgripa,,tillgripar,tillgripade,tillgripat
C1,att,utdela,,utdelar,utdelade,utdelat
C1,att,kvalificera,,kvalificerar,kvalificerade,kvalificerat
C1,att,slicka,,slickar,slickade,slickat
C1,att,specialisera,,specialiserar,specialiserade,specialiserat
C1,att,motbevisa,,motbevisar,motbevisade,motbevisat
C1,att,kräkas,,kräks,kräktes,kräkts
C1,att,lokalisera,,lokaliserar,lokaliserade,lokaliserat
C1,att,sammankalla,,sammankallar,sammankallade,sammankallat
C1,att,fantisera,,fantiserar,fantiserade,fantiserat
C1,att,förolämpa,,förolämpar,förolämpade,förolämpat
C1,att,utbetala,,utbetalar,utbetalade,utbetalat
C1,att,lossna,,lossnar,lossnade,lossnat
C1,att,borsta,,borstar,borstade,borstat
C1,att,avtala,,avtalar,avtalade,avtalat
C1,att,delegera,,delegerar,delegerade,delegerat
C1,att,raka,,rakar,rakade,rakat
C1,att,svida,,svider,sved,svidit
C1,att,mala,,malar,malade,malat
C1,att,hurra,,hurrar,hurrade,hurrat
C1,att,spilla,,spillar,spillade,spillat
C1,att,pryda,,prydar,prydade,prydat
C1,att,karakterisera,,karakteriserar,karakteriserade,karakteriserat
C1,att,komponera,,komponerar,komponerade,komponerat
C1,att,betjäna,,betjänar,betjänade,betjänat
C1,att,förhöra,,förhörar,förhörade,förhörat
C1,att,tillmäta,,tillmätar,tillmätade,tillmätat
C1,att,bredda,,breddar,breddade,breddat
C1,att,generalisera,,generaliserar,generaliserade,generaliserat
C1,att,grubbla,,grubblar,grubblade,grubblat
C1,att,strukturera,,strukturerar,strukturerade,strukturerat
C1,att,hosta,,hostar,hostade,hostat
C1,att,rättfärdiga,,rättfärdigar,rättfärdigade,rättfärdigat
C1,att,navigera,,navigerar,navigerade,navigerat
C1,att,darra,,darrar,darrade,darrat
C1,att,bebo,,bebor,bebodde,bebott
C1,att,instifta,,instiftar,instiftade,instiftat
C1,att,inrymma,,inrymmar,inrymmade,inrymmat
C1,att,knipa,,knipar,knipade,knipat
C1,att,sammanföra,,sammanförar,sammanförade,sammanförat
C1,att,vilseleda,,vilseledar,vilseledade,vilseledat
C1,att,försena,,försenar,försenade,försenat
C2,att,eskalera,,eskalerar,eskalerade,eskalerat
C2,att,avvärja,,avvärjar,avvärjade,avvärjat
C2,att,härma,,härmar,härmade,härmat
C2,att,repetera,,repeterar,repeterade,repeterat
C2,att,susa,,susar,susade,susat
C2,att,kulminera,,kulminerar,kulminerade,kulminerat
C2,att,avskilja,,avskiljar,avskiljade,avskiljat
C2,att,värdesätta,,värdesättar,värdesättade,värdesättat
C2,att,accelerera,,accelererar,accelererade,accelererat
C2,att,frige,,friger,frigav,frigett
C2,att,addera,,adderar,adderade,adderat
C2,att,beskydda,,beskyddar,beskyddade,beskyddat
C2,att,blotta,,blottar,blottade,blottat
C2,att,interagera,,interagerar,interagerade,interagerat
C2,att,rotera,,roterar,roterade,roterat
C2,att,inspektera,,inspekterar,inspekterade,inspekterat
C2,att,orientera,,orienterar,orienterade,orienterat
C2,att,smeka,,smekar,smekade,smekat
C2,att,sammanträda,,sammanträdar,sammanträdade,sammanträdat
C2,att,förplikta,,förpliktar,förpliktade,förpliktat
C2,att,häkta,,häktar,häktade,häktat
C2,att,omringa,,omringar,omringade,omringat
C2,att,ödelägga,,ödeläggar,ödeläggade,ödeläggat
C2,att,besvära,,besvärar,besvärade,besvärat
C2,att,uppdra,,uppdrar,uppdrade,uppdrat
C2,att,gunga,,gungar,gungade,gungat
C2,att,vattna,,vattnar,vattnade,vattnat
C2,att,besätta,,besättar,besättade,besättat
C2,att,återlämna,,återlämnar,återlämnade,återlämnat
C2,att,sjösätta,,sjösättar,sjösättade,sjösättat
C2,att,komplicera,,komplicerar,komplicerade,komplicerat
C2,att,putsa,,putsar,putsade,putsat
C2,att,bemästra,,bemästrar,bemästrade,bemästrat
C2,att,stapla,,staplar,staplade,staplat
C2,att,berättiga,,berättigar,berättigade,berättigat
C2,att,förråda,,förrådar,förrådade,förrådat
C2,att,lossa,,lossar,lossade,lossat
C2,att,dofta,,doftar,doftade,doftat
C2,att,alstra,,alstrar,alstrade,alstrat
C2,att,värka,,värkar,värkade,värkat
C2,att,inställa,,inställar,inställade,inställat
C2,att,programmera,,programmerar,programmerade,programmerat
C2,att,gjuta,,gjutar,gjutade,gjutat
C2,att,smörja,,smörjer,smorde,smort
C2,att,ådra,,ådrar,ådrade,ådrat
C2,att,konsultera,,konsulterar,konsulterade,konsulterat
C2,att,återuppliva,,återupplivar,återupplivade,återupplivat
C2,att,utsända,,utsändar,utsändade,utsändat
C2,att,förstora,,förstorar,förstorade,förstorat
C2,att,överträda,,överträdar,överträdade,överträdat
C2,att,imitera,,imiterar,imiterade,imiterat
C2,att,skissera,,skisserar,skisserade,skisserat
C2,att,flamma,,flammar,flammade,flammat
C2,att,försona,,försonar,försonade,försonat
C2,att,utlämna,,utlämnar,utlämnade,utlämnat
C2,att,annullera,,annullerar,annullerade,annullerat
C2,att,förvirra,,förvirrar,förvirrade,förvirrat
C2,att,larma,,larmar,larmade,larmat
C2,att,mätta,,mättar,mättade,mättat
C2,att,övernatta,,övernattar,övernattade,övernattat
C2,att,instruera,,instruerar,instruerade,instruerat
C2,att,rengöra,,rengörar,rengörade,rengörat
C2,att,tillmötesgå,,tillmötesgår,tillmötesgick,tillmötesgått
C2,att,avla,,avlar,avlade,avlat
C2,att,återbetala,,återbetalar,återbetalade,återbetalat
C2,att,beväpna,,beväpnar,beväpnade,beväpnat
C2,att,glänsa,,glänsar,glänsade,glänsat
C2,att,deponera,,deponerar,deponerade,deponerat
C2,att,medfölja,,medföljar,medföljade,medföljat
C2,att,koordinera,,koordinerar,koordinerade,koordinerat
C2,att,pipa,,piper,pep,pipit
C2,att,gräla,,grälar,grälade,grälat
C2,att,ljuda,,ljudar,ljudade,ljudat
C2,att,debitera,,debiterar,debiterade,debiterat
C2,att,dundra,,dundrar,dundrade,dundrat
C2,att,rekonstruera,,rekonstruerar,rekonstruerade,rekonstruerat
C2,att,arkivera,,arkiverar,arkiverade,arkiverat
C2,att,strejka,,strejkar,strejkade,strejkat
C2,att,stinka,,stinkar,stinkade,stinkat
C2,att,frikänna,,frikänner,frikände,frikänt
C2,att,hetta,,hettar,hettade,hettat
C2,att,rådfråga,,rådfrågar,rådfrågade,rådfrågat
C2,att,svälla,,svällar,svällade,svällat
C2,att,valla,,vallar,vallade,vallat
C2,att,anskaffa,,anskaffar,anskaffade,anskaffat
C2,att,bestiga,,bestigar,bestigade,bestigat
C2,att,översvämma,,översvämmar,översvämmade,översvämmat
C2,att,rangordna,,rangordnar,rangordnade,rangordnat
C2,att,grädda,,gräddar,gräddade,gräddat
C2,att,multiplicera,,multiplicerar,multiplicerade,multiplicerat
C2,att,koda,,kodar,kodade,kodat
C2,att,bemanna,,bemannar,bemannade,bemannat
C2,att,dekorera,,dekorerar,dekorerade,dekorerat
C2,att,ackumulera,,ackumulerar,ackumulerade,ackumulerat
C2,att,assistera,,assisterar,assisterade,assisterat
C2,att,efterfölja,,efterföljar,efterföljade,efterföljat
C2,att,stelna,,stelnar,stelnade,stelnat
C2,att,restaurera,,restaurerar,restaurerade,restaurerat
C2,att,stöna,,stönar,stönade,stönat
C2,att,återse,,återser,återsåg,återsett
C2,att,fresta,,frestar,frestade,frestat
C2,att,yla,,ylar,ylade,ylat
C2,att,ströva,,strövar,strövade,strövat
C2,att,återupptäcka,,återupptäckar,återupptäckade,återupptäckat
C2,att,kila,,kilar,kilade,kilat
C2,att,kalkylera,,kalkylerar,kalkylerade,kalkylerat
C2,att,betinga,,betingar,betingade,betingat
C2,att,förorena,,förorenar,förorenade,förorenat
C2,att,infektera,,infekterar,infekterade,infekterat
C2,att,limma,,limmar,limmade,limmat
C2,att,innesluta,,inneslutar,inneslutade,inneslutat
C2,att,eskortera,,eskorterar,eskorterade,eskorterat
C2,att,förbrylla,,förbryllar,förbryllade,förbryllat
C2,att,diagnostisera,,diagnostiserar,diagnostiserade,diagnostiserat
C2,att,sammanfoga,,sammanfogar,sammanfogade,sammanfogat
C2,att,adressera,,adresserar,adresserade,adresserat
C2,att,centrera,,centrerar,centrerade,centrerat
C2,att,förestå,,förestår,förestod,förestått
C2,att,avdela,,avdelar,avdelade,avdelat
C2,att,returnera,,returnerar,returnerade,returnerat
C2,att,stadfästa,,stadfästar,stadfästade,stadfästat
C2,att,massera,,masserar,masserade,masserat
C2,att,förvarna,,förvarnar,förvarnade,förvarnat
C2,att,ledsaga,,ledsagar,ledsagade,ledsagat
C2,att,chockera,,chockerar,chockerade,chockerat
C2,att,vidröra,,vidrörar,vidrörade,vidrörat
C2,att,snarka,,snarkar,snarkade,snarkat
C2,att,tunna,,tunnar,tunnade,tunnat
C2,att,fela,,felar,felade,felat
C2,att,ånga,,ångar,ångade,ångat
C2,att,planlägga,,planläggar,planläggade,planläggat
C2,att,kodifiera,,kodifierar,kodifierade,kodifierat
C2,att,betyg(s)sätta,,betygsätter,betygsatte,betygsatt
C2,att,gnida,,gnider,gned,gnidit
C2,att,gnistra,,gnistrar,gnistrade,gnistrat
C2,att,inkassera,,inkasserar,inkasserade,inkasserat
C2,att,uppkalla,,uppkallar,uppkallade,uppkallat
C2,att,försegla,,förseglar,förseglade,förseglat
C2,att,fasta,,fastar,fastade,fastat
C2,att,inlämna,,inlämnar,inlämnade,inlämnat
C2,att,sammankoppla,,sammankopplar,sammankopplade,sammankopplat
C2,att,mosa,,mosar,mosade,mosat
C2,att,gradera,,graderar,graderade,graderat
C2,att,brodera,,broderar,broderade,broderat
C2,att,överväldiga,,överväldigar,överväldigade,överväldigat
C2,att,rea,,rear,reade,reat
C2,att,böna,,bönar,bönade,bönat
C2,att,avtäcka,,avtäckar,avtäckade,avtäckat
C2,att,differentiera,,differentierar,differentierade,differentierat
C2,att,projektera,,projekterar,projekterade,projekterat
C2,att,bönfalla,,bönfallar,bönfallade,bönfallat
C2,att,klibba,,klibbar,klibbade,klibbat
C2,att,formge,,formger,formgav,formgett
C2,att,pina,,pinar,pinade,pinat
C2,att,undervärdera,,undervärderar,undervärderade,undervärderat
C2,att,auktorisera,,auktoriserar,auktoriserade,auktoriserat
C2,att,kurera,,kurerar,kurerade,kurerat
C2,att,avvara,,avvarar,avvarade,avvarat
C2,att,brådska,,brådskar,brådskade,brådskat
C2,att,anträffa,,anträffar,anträffade,anträffat
C2,att,överräcka,,överräckar,överräckade,överräckat
C2,att,artikulera,,artikulerar,artikulerade,artikulerat
C2,att,reklamera,,reklamerar,reklamerade,reklamerat
C2,att,överse,,överser,översåg,översett
C2,att,flanera,,flanerar,flanerade,flanerat
C2,att,förbluffa,,förbluffar,förbluffade,förbluffat
C2,att,pantsätta,,pantsättar,pantsättade,pantsättat
C2,att,bullra,,bullrar,bullrade,bullrat
C2,att,måtta,,måttar,måttade,måttat
C2,att,baktala,,baktalar,baktalade,baktalat
C2,att,slutta,,sluttar,sluttade,sluttat
C2,att,trasa,,trasar,trasade,trasat
C2,att,förutbestämma,,förutbestämmar,förutbestämmade,förutbestämmat
C2,att,avresa,,avresar,avresade,avresat
C2,att,transplantera,,transplanterar,transplanterade,transplanterat
C2,att,grönska,,grönskar,grönskade,grönskat
C2,att,skrynkla,,skrynklar,skrynklade,skrynklat
C2,att,åska,,åskar,åskade,åskat
C2,att,gravera,,graverar,graverade,graverat
C2,att,maka,,makar,makade,makat
C2,att,subtrahera,,subtraherar,subtraherade,subtraherat
C2,att,nolla,,nollar,nollade,nollat
C2,att,återgälda,,återgäldar,återgäldade,återgäldat
C2,att,bräda,,brädar,brädade,brädat
C2,att,mottaga,,mottagar,mottagade,mottagat
C2,att,docka,,dockar,dockade,dockat
C2,att,raffinera,,raffinerar,raffinerade,raffinerat
C2,att,syra,,syrar,syrade,syrat
C2,att,upphetsa,,upphetsar,upphetsade,upphetsat
C2,att,planta,,plantar,plantade,plantat