verb,particle,svalex_first_level,svalex_total_freq,swellex_first_level
andas,in,a2,6.1225,
andas,ut,a2,4.4303,
arbeta,bort,,,c1
bero,på,b2,0.2925,b2
binda,fast,b2,0.2925,
binda,ihop,a2,0.1387,
binda,upp,c1,0.8196,
bjuda,in,b1,12.0619,
blanda,ihop,b1,5.1668,
blanda,in,b1,5.0622,b1
bli,av,b1,24.2349,c1
bli,kvar,b2,9.2821,
bli,över,a2,2.2054,c1
blåsa,upp,b2,3.1529,
bo,över,b2,0.2832,
bre,ut,b1,0.2515,
brinna,ned,c1,0.8196,
brinna,upp,b1,0.2853,
bryta,ned,b1,0.4361,
bryta,upp,b2,13.3264,b1
bryta,ut,b1,2.6514,
bunta,ihop,c1,0.8196,
burra,upp,b1,0.218,
bygga,om,b2,2.5233,b1
bygga,ut,b2,4.262,
byta,om,a1,1.4039,
byta,ut,b1,2.3202,c1
bädda,in,b1,1.9112,
börja,om,b1,4.7849,
dela,upp,b1,6.7569,b2
dela,ut,a1,69.9682,b1
dra,av,b2,0.7206,
dra,ihop,b2,0.7206,
dra,in,a2,21.9264,
dra,ned,,,c1
dra,ner,b2,0.2832,
dra,upp,b1,2.3252,
dra,ut,b1,13.474,a1
dra,över,c1,0.8196,
dricka,ur,c1,3.2783,
dryga,ut,b2,0.2832,
duka,av,b1,0.2515,
duka,upp,b2,0.7206,c1
dyka,upp,b1,51.3831,b1
dyrka,upp,,,b2
dö,ut,b1,20.1286,c1
falla,ihop,b2,2.1991,
falla,in,b1,2.4297,b2
falla,ned,b2,0.7206,
falla,ner,b2,7.6454,b1
fara,ut,b1,5.0972,
fiska,upp,b2,0.2925,
flamma,upp,c1,0.8196,
flika,in,c1,0.4551,
flytta,bort,b2,4.4251,
flytta,fram,c1,0.8196,
flytta,ut,a2,4.9384,
forsa,fram,b2,0.7206,
frysa,till,c1,0.8196,
fundera,ut,c1,0.8196,
fälla,upp,c1,1.6391,
få,fast,b2,0.7206,
få,ihop,a2,1.4558,c1
föda,upp,b1,8.3122,
följa,upp,b1,0.123,
föra,bort,b2,0.7206,
föra,fram,b2,4.641,
föra,upp,b1,0.2515,
ge,bort,c1,1.6391,
ge,igen,b2,0.7206,
ge,tillbaka,b2,1.4411,b1
ge,upp,a2,47.0338,b1
ge,ut,b1,123.0892,b2
gifta,bort,b2,0.5664,
glömma,bort,b1,15.4279,b1
gripa,in,b2,0.7206,
gräva,ned,b2,0.7206,
gräva,ner,b2,2.595,
gröpa,ur,b1,0.7337,
gå,an,b2,4.262,
gå,bort,b2,2.1617,b2
gå,hem,a1,42.6481,a1
gå,igen,a2,4.1475,
gå,ihop,,,b2
gå,in,a1,102.1547,a2
gå,med,b1,5.0622,
gå,miste,b1,6.5572,c1
gå,ned,b2,3.0056,
gå,ner,a1,47.5028,a2
gå,på,,,a2
gå,samman,b1,0.4361,a2
gå,sönder,b1,14.5681,
gå,till,b1,9.239,a1
gå,upp,a1,54.4313,a2
gå,ut,a1,251.1769,a1
gå,åt,b1,15.4926,a2
gå,över,a2,37.2394,c1
gömma,undan,b2,2.5233,
göra,av,b1,0.3669,
göra,om,a2,52.1952,a2
göra,slut,a2,11.6915,
göra,upp,a2,18.6867,
göra,åt,b2,5.0466,c1
ha,kvar,a2,33.3653,b2
ha,sönder,b2,0.7206,
hetsa,upp,b1,0.2515,
hinna,med,b1,2.704,c1
hitta,på,b2,5.4972,b2
hjälpa,till,a2,43.3225,b1
hjälpas,åt,b2,0.5851,
hoppa,av,c1,0.8196,
hoppa,över,b2,13.0981,
hugga,in,b2,2.5233,
hugga,ner,b2,1.1701,
hyra,ut,a2,4.9524,
häfta,ihop,b2,0.7206,
hägna,in,b2,0.7206,
hälsa,på,a1,1.2268,
hänga,ihop,b2,8.5022,c1
hänga,med,b1,11.3,
hänga,samman,b2,1.4411,c1
hänga,upp,a2,14.7899,
hänga,ut,c1,0.8196,
hålla,fast,b2,1.4411,
hålla,igen,b1,0.123,
hålla,ihop,c1,0.8196,b2
hålla,kvar,b2,3.1529,
hålla,med,a2,7.452,b2
hålla,på,a2,26.0054,b2
hålla,samman,b2,0.7206,
hålla,till,b2,2.345,b2
hålla,tillbaka,b2,2.345,
hålla,undan,b2,4.69,
hålla,upp,b2,4.641,
hålla,uppe,b2,0.2832,b2
höra,hemma,c1,2.7027,
höra,till,c1,1.6391,
jaga,bort,b1,0.218,
jaga,upp,b2,3.1529,b2
kasta,bort,b2,3.1529,b2
kasta,in,c1,2.3564,c1
kasta,tillbaka,c1,2.4587,
kasta,upp,c1,0.8196,
kasta,ut,a2,1.4182,
klara,av,b1,2.704,b2
klä,om,b2,0.2925,
klä,ut,b2,2.1617,
klättra,upp,b1,2.4675,
knappa,in,,,c1
knyta,ihop,,,c1
knåpa,ihop,b2,0.7206,
kolla,upp,a2,4.9524,b2
komma,bort,b2,1.4411,c1
komma,fram,a1,120.3658,a2
komma,för,a1,14.1789,a2
komma,hem,a1,282.0537,a1
komma,igen,a2,39.9825,b2
komma,igång,b1,10.5762,c1
komma,ihåg,a1,216.7496,b1
komma,ikapp,,,c1
komma,in,a1,169.9127,a1
komma,till,b1,5.7041,a2
komma,tillbaka,a1,120.5941,a2
komma,undan,b2,2.5006,c1
komma,upp,b2,13.3415,b2
komma,ut,a2,89.2093,a2
komma,åt,c1,0.8196,
komma,över,c1,0.2276,
koppla,av,a2,32.9354,b1
koppla,bort,,,c1
koppla,ihop,b1,2.4297,
krypa,upp,b1,2.4297,
kränga,på,b2,0.7206,
känna,efter,,,c1
känna,igen,a2,68.305,b1
känna,till,b1,30.1117,b2
köpa,upp,c1,0.8196,
köra,bort,c1,0.8196,
köra,fast,c1,0.4551,
köra,hem,b1,16.0,b1
köra,in,a2,13.7755,c1
köra,om,c1,1.6391,
köra,på,b2,5.7239,
köra,slut,b2,2.42,
ladda,ner,c1,0.8196,
ladda,upp,c1,0.8196,b1
laga,till,b2,1.4411,
leta,fram,b2,0.7206,
leta,upp,b2,0.7206,
leva,med,c1,0.8196,c1
leva,om,b1,0.3669,b2
ligga,för,,,c1
limma,ihop,b2,0.7206,
locka,upp,b1,0.3669,
logga,in,c1,0.8196,a2
logga,ut,b1,0.3669,b1
lugna,ner,,,b2
lyfta,fram,b2,8.5408,
lägga,av,a2,4.4353,b1
lägga,fram,b1,0.3669,c1
lägga,för,b2,0.7206,
lägga,in,a2,27.0981,
lägga,ned,b2,2.9805,
lägga,ner,b1,34.5513,b2
lägga,om,b1,19.1037,
lägga,till,b2,5.9043,
lägga,upp,a2,11.2476,c1
lägga,ut,b1,5.0622,
lämna,bort,,,c1
lämna,fram,b2,2.1617,
lämna,igen,b2,0.7206,
lämna,in,a2,19.7327,c1
lämna,kvar,b2,0.7206,
lämna,tillbaka,a2,32.2355,c1
lära,in,b1,13.7282,
lära,om,a2,0.1387,b1
lära,upp,c1,0.8196,
lära,ut,c1,1.6391,
läsa,in,a2,2.3003,
läsa,på,b1,3.4965,
läsa,upp,c1,0.2276,
låna,ut,a2,38.7431,
låsa,in,b2,2.5006,
muntra,upp,b2,0.1456,
måla,upp,c1,0.8196,
möta,upp,b2,0.1456,
nöta,ut,,,b1
packa,in,a1,2.9887,
packa,ner,a2,0.4277,
packa,upp,a2,0.1536,
passa,ihop,b1,8.3436,c1
passa,in,b1,5.0979,b2
passa,upp,b2,0.2925,
peka,ut,b1,11.4475,b2
piffa,upp,c1,1.6391,
piggna,till,b2,0.5664,
piska,upp,b2,0.7206,
platta,till,b1,0.2515,
plocka,fram,b2,1.4411,
plocka,ihop,b1,3.3409,
plocka,undan,b1,2.4327,
plocka,upp,a2,2.3163,
plugga,in,c1,0.2276,
rabbla,upp,b2,0.2832,
ramla,ner,a2,0.1536,
rasa,ihop,,,c1
rasa,ner,b1,0.1426,
rationalisera,bort,b2,0.2925,
reda,ut,b2,11.3152,c1
resa,bort,b2,4.641,
reta,upp,b2,6.6603,c1
rida,in,c1,0.8196,
ringa,upp,b1,4.3514,
rinna,bort,b2,0.2832,
rinna,iväg,b1,0.2515,
rinna,ut,,,b2
riva,sönder,b1,4.7395,
ropa,till,c1,0.8196,
ropa,upp,b2,7.877,a2
rulla,av,b1,0.218,
rulla,upp,b2,0.7206,
rulla,ut,b1,0.218,
rusa,ut,b1,2.6776,
rycka,in,a2,3.249,
rycka,ut,c1,0.8196,
räcka,till,c1,0.2276,c1
räkna,bort,b1,2.3202,
räkna,upp,c1,0.8196,
räkna,ut,b1,11.2459,
rösta,fram,b1,0.3669,
röva,bort,b2,0.7206,
samla,ihop,b1,2.704,c1
se,efter,b2,0.5664,
se,fram,b2,7.1243,
se,ner,b2,2.0267,
se,om,a2,33.5296,b1
se,till,,,b2
se,upp,b2,0.2925,
se,ut,a1,449.084,a2
segla,om,c1,0.8196,
segla,ut,b2,0.7206,
sitta,fast,b2,5.8131,
sitta,ner,b2,2.5406,
skaffa,fram,c1,0.8196,
skaka,av,c1,0.8196,
skaka,om,b2,0.1456,
skicka,in,b1,2.481,
skicka,ut,b2,5.128,
skjuta,av,b2,0.7206,
skjuta,in,b2,2.8823,
skjuta,upp,b1,4.5122,
skjuta,ut,b2,1.4411,
skrapa,bort,b2,0.2925,
skriva,ned,b1,10.9984,
skriva,ner,a2,17.9339,
skriva,upp,,,c1
skriva,ut,a2,18.3197,
skruva,ner,,,c1
skruva,upp,b1,0.123,
skrämma,bort,b2,2.5233,
skrämma,upp,b2,0.7206,
skräpa,ner,b2,0.7206,
skynda,på,b1,2.704,
skära,ner,b1,0.3669,
skära,ut,b2,0.7206,
sköta,om,b2,0.2925,
slappna,av,b1,2.4066,b2
slita,ut,c1,0.8196,
slumra,till,b2,0.7206,
slänga,bort,,,b1
släpa,fram,b2,1.4411,
släppa,in,b1,2.1135,
släppa,ut,b1,15.3834,b1
slå,fast,c1,0.8196,c1
slå,ihjäl,b2,3.1529,
slå,ihop,b2,0.7206,
slå,in,b2,3.1529,
slå,ned,b2,0.2832,c1
slå,ner,b2,2.1991,
slå,samman,c1,0.8196,
slå,sönder,b2,3.1529,
slå,upp,a2,32.3561,b2
slå,ut,a2,35.46,b1
slösa,bort,b1,3.4486,c1
smula,sönder,c1,0.8196,
smutsa,ned,b2,0.2832,
smälla,igen,b1,0.3669,
smälta,ihop,,,c1
smörja,in,b1,0.3669,
sova,ut,b2,0.2832,
sova,över,a2,0.1387,c1
spara,ihop,b1,4.7538,
spara,in,b1,0.2515,
sparka,upp,b2,0.7206,
sparka,ut,c1,0.2276,
spela,in,b1,35.8857,c1
spela,upp,b2,6.4012,
sprida,ut,,,c1
springa,fram,a2,1.8759,
springa,in,b2,0.7206,
springa,ut,a2,2.0832,
spänna,fast,a2,0.2139,
spåra,upp,b2,0.7206,
stamma,fram,c1,0.8196,
stanna,kvar,,,b2
sticka,av,c1,0.2276,
sticka,ner,b1,0.3669,
sticka,upp,c1,1.6391,
sticka,ut,b2,0.2925,
stiga,av,b1,0.1426,b2
stiga,ner,c1,0.8196,
stiga,upp,a1,51.3555,
stoppa,in,a2,2.3102,
stoppa,ner,b1,4.9047,
stoppa,upp,b1,2.1135,
stryka,över,b2,1.4411,
sträcka,upp,c1,0.8196,c1
sträcka,ut,b2,0.5664,
strömma,in,b1,2.4297,
stuva,in,b2,0.2832,
städa,undan,a2,0.2139,
ställa,in,a2,19.8777,
ställa,om,c1,0.8196,
ställa,till,b2,2.5006,
ställa,upp,a2,33.8217,b2
ställa,ut,b1,3.4682,c1
stå,emot,b1,0.246,c1
stå,på,b1,0.218,a2
stå,till,a1,1.2045,
stå,upp,b1,2.1907,
stå,ut,b1,9.1687,
störta,in,b2,0.7206,
störta,ner,b2,0.7206,
stöta,ihop,c1,0.8196,
sudda,ut,c1,0.8196,c1
suga,upp,c1,1.6391,
svetsa,samman,b2,0.1456,
säga,till,b1,13.2897,a2
säga,upp,b1,2.2004,
sätta,av,b2,1.4411,
sätta,fast,b1,5.1633,
sätta,igen,b1,0.1426,
sätta,igång,b1,23.5,
sätta,ihop,b1,7.9884,
sätta,in,a2,31.5372,c1
sätta,på,a2,0.1387,
sätta,samman,b1,5.4455,
sätta,upp,a1,40.7795,c1
sätta,ut,a2,26.9514,b2
söka,upp,b2,3.1529,b2
ta,av,a2,3.4092,
ta,bort,a2,23.8738,b1
ta,efter,c1,1.6391,
ta,emot,a2,50.0412,b2
ta,fast,b2,2.42,
ta,fram,a2,51.0406,b1
ta,hem,a1,27.3725,a2
ta,in,b1,36.5052,b1
ta,isär,,,b2
ta,itu,b1,2.8231,c1
ta,med,a1,36.4605,b1
ta,miste,c1,0.8196,
ta,ner,b1,7.9426,b2
ta,om,b1,22.1478,b1
ta,slut,b1,49.6464,b2
ta,till,b2,4.4251,
ta,tillbaka,b1,0.2515,
ta,tillvara,,,c1
ta,upp,a2,168.5931,b1
ta,ut,a1,65.8374,b1
ta,över,,,c1
tala,om,a1,81.0965,b2
tappa,bort,,,b2
titta,in,a2,5.0734,
titta,på,a2,0.1387,
tona,ned,b2,0.7206,
torka,bort,b2,0.2925,
trycka,ned,c1,0.8196,
trycka,ner,b2,3.9013,
trycka,på,b2,0.2832,c1
träda,tillbaka,c1,0.8196,
träna,upp,b1,3.4091,
tråka,ut,a2,9.0727,
trötta,ut,b2,0.2925,
tufsa,till,b2,0.7206,
turas,om,c1,0.8196,
tvätta,bort,b1,0.3669,
tycka,om,a2,85.1283,a1
tyna,bort,c1,0.2276,
tänka,efter,b1,31.7869,c1
tänka,om,a2,64.5074,a2
tänka,ut,c1,0.8196,
vakna,upp,c1,0.8196,c1
vara,av,b1,0.3669,b2
vara,ihop,a2,1.7774,
vara,med,a1,112.9686,b1
vara,på,a2,2.2054,
vara,till,a2,4.7754,b1
varva,ned,b2,0.2832,c1
varva,ner,b1,0.123,c1
veta,om,a2,65.2709,b1
vika,ihop,b1,2.1488,
vila,ut,b2,2.42,b2
visa,in,c1,0.8196,
visa,upp,b1,15.6256,
väga,upp,b1,0.3669,
välja,om,b2,0.7206,b2
välja,ut,b1,4.8408,b1
vända,om,b1,7.1087,c1
vänta,in,b2,0.2832,
värma,upp,a2,14.8951,
växa,bort,c1,0.8196,
växa,upp,a1,126.5734,a2
äta,upp,b1,18.9417,
åka,av,c1,0.8196,
åka,fast,b1,12.0557,
åka,in,,,b1
