rank,partikelverb,basverb,partikel,betydelse_en,cefr,band,betonad_or_klass,flag
1,se ut,se,ut,"to look, to appear (a certain way)",A1,1,ja,
2,komma hem,komma,hem,to come home,A1,1,ja,
3,gå ut,gå,ut,to go out; to expire,A1,1,ja,
4,komma ihåg,komma,ihåg,to remember,A1,1,ja,
5,komma in,komma,in,to come in; to be admitted,A1,1,ja,
6,ta upp,ta,upp,to pick up; to raise (a topic),A2,1,ja,
7,växa upp,växa,upp,to grow up,A1,1,ja,
8,ge ut,ge,ut,to publish; to issue,B1,1,ja,
9,komma tillbaka,komma,tillbaka,to come back,A1,1,ja,
10,komma fram,komma,fram,to arrive; to emerge,A1,1,ja,
11,vara med,vara,med,to take part; to be present,A1,1,ja ⚠,
12,gå in,gå,in,"to go in, to enter",A1,1,ja,
13,komma ut,komma,ut,to come out; to be published,A2,2,ja,
14,tycka om,tycka,om,"to like, to be fond of",A2,2,ja ⚠,
15,tala om,tala,om,to tell (someone something),A1,2,ja ⚠,
16,dela ut,dela,ut,"to hand out, to distribute",A1,2,ja,
17,känna igen,känna,igen,to recognise,A2,2,ja,
18,ta ut,ta,ut,to take out; to withdraw (money),A1,2,ja,
19,veta om,veta,om,"to be aware of, to know about",A2,2,ja ⚠,
20,tänka om,tänka,om,"to reconsider, to change one's mind",A2,2,ja,
21,gå upp,gå,upp,to rise; to increase; to come open,A1,2,ja,
22,göra om,göra,om,"to redo, to do again",A2,2,ja,
23,dyka upp,dyka,upp,"to turn up, to show up",B1,2,ja,
24,stiga upp,stiga,upp,"to get up, to get out of bed",A1,2,ja,
25,ta fram,ta,fram,to get something out and ready,A2,2,ja,
26,ta emot,ta,emot,"to receive, to accept",A2,2,ja,
27,ta slut,ta,slut,"to run out, to come to an end",B1,2,ja,
28,gå ner,gå,ner,to go down; to decrease,A1,2,ja,
29,ge upp,ge,upp,"to give up, to surrender",A2,2,ja,
30,hjälpa till,hjälpa,till,"to help out, to lend a hand",A2,2,ja,
31,gå hem,gå,hem,to go home; to go down well (idiom),A1,2,ja,
32,sätta upp,sätta,upp,to put up; to stage (a play),A1,2,ja,
33,komma igen,komma,igen,to come back; to recur,A2,2,ja,
34,låna ut,låna,ut,to lend out,A2,2,ja,
35,gå över,gå,över,"to pass, to subside; to cross",A2,2,ja ⚠,
36,ta in,ta,in,to take in; to admit; to check in,B1,2,ja,
37,ta med,ta,med,to bring along,A1,2,ja,
38,spela in,spela,in,to record,B1,2,ja,
39,slå ut,slå,ut,to knock out; to eliminate; to bloom,A2,2,ja,
40,lägga ner,lägga,ner,to shut down; to put down; to abandon,B1,2,ja,
41,ställa upp,ställa,upp,to take part; to help out; to line up,A2,2,ja,
42,se om,se,om,to look after; to watch again,A2,2,ja ⚠,
43,ha kvar,ha,kvar,to still have,A2,2,ja,
44,koppla av,koppla,av,to relax; to disconnect,A2,2,ja,
45,slå upp,slå,upp,to look up (in a book); to open,A2,2,ja,
46,lämna tillbaka,lämna,tillbaka,"to give back, to return",A2,2,ja,
47,tänka efter,tänka,efter,"to think carefully, to reflect",B1,2,ja,
48,sätta in,sätta,in,to insert; to deposit (money),A2,2,ja,
49,känna till,känna,till,"to know about, to be familiar with",B1,2,ja,
50,ta hem,ta,hem,to bring home; to win (a prize),A1,3,ja,
51,lägga in,lägga,in,to put in; to admit (to hospital),A2,3,ja,
52,sätta ut,sätta,ut,to put out; to discontinue (medication),A2,3,ja,
53,hålla på,hålla,på,to be in the middle of doing,A2,3,ja ⚠,
54,bli av,bli,av,"to happen, to come off",B1,3,ja,
55,ta bort,ta,bort,"to remove, to delete",A2,3,ja,
56,sätta igång,sätta,igång,"to start, to get going",B1,3,ja,
57,ta om,ta,om,"to do again, to retake",B1,3,ja,
58,dra in,dra,in,"to withdraw, to cut; to pull in",A2,3,ja,
59,dö ut,dö,ut,"to die out, to become extinct",B1,3,ja,
60,ställa in,ställa,in,"to cancel; to adjust, to set",A2,3,ja,
61,lämna in,lämna,in,"to hand in, to submit",A2,3,ja,
62,lägga om,lägga,om,"to change, to rearrange; to redress (a wound)",B1,3,ja,
63,äta upp,äta,upp,"to eat up, to finish eating",B1,3,ja,
64,göra upp,göra,upp,"to settle, to make a deal",A2,3,ja,
65,skriva ut,skriva,ut,to print out; to prescribe; to discharge,A2,3,ja,
66,skriva ner,skriva,ner,to write down (also spelt *skriva ned*),A2,3,ja,
67,köra hem,köra,hem,to drive home,B1,3,ja,
68,visa upp,visa,upp,"to show, to present for inspection",B1,3,ja,
69,gå åt,gå,åt,to be used up; to lay into someone,B1,3,ja ⚠,
70,glömma bort,glömma,bort,to forget,B1,3,ja,
71,släppa ut,släppa,ut,"to release, to let out; to emit",B1,3,ja,
72,värma upp,värma,upp,to heat up; to warm up,A2,3,ja,
73,hänga upp,hänga,upp,to hang up,A2,3,ja,
74,gå sönder,gå,sönder,"to break, to stop working",B1,3,ja,
75,komma för,komma,för,to occur to (someone),A1,3,ja ⚠,
76,köra in,köra,in,to drive in; to run in (a machine),A2,3,ja,
77,lära in,lära,in,"to learn, to memorise",B1,3,ja,
78,dra ut,dra,ut,to pull out; to drag on (of time),B1,3,ja,
79,komma upp,komma,upp,to come up; to get up,B2,3,ja,
80,bryta upp,bryta,upp,to break open; to depart,B2,3,ja,
81,säga till,säga,till,"to let know, to notify; to speak up",B1,3,ja,
82,hoppa över,hoppa,över,to skip; to jump over,B2,3,ja,
83,bjuda in,bjuda,in,to invite,B1,3,ja,
84,åka fast,åka,fast,to get caught,B1,3,ja,
85,göra slut,göra,slut,to break up (a relationship); to use up,A2,3,ja,
86,peka ut,peka,ut,to point out,B1,3,ja,
87,reda ut,reda,ut,"to sort out, to clear up",B2,3,ja,
88,hänga med,hänga,med,"to keep up, to follow; to come along",B1,3,ja,
89,lägga upp,lägga,upp,"to plan, to lay out; to upload",A2,3,ja,
90,räkna ut,räkna,ut,"to calculate, to work out",B1,3,ja,
91,komma igång,komma,igång,"to get going, to get started",B1,3,ja,
92,bli kvar,bli,kvar,"to stay behind, to remain",B2,4,ja,
93,gå till,gå,till,"to happen, to be done (*hur går det till?*)",B1,4,ja ⚠,
94,stå ut,stå,ut,"to endure, to put up with",B1,4,ja,
95,tråka ut,tråka,ut,to bore (someone),A2,4,ja,
96,lyfta fram,lyfta,fram,"to highlight, to bring forward",B2,4,ja,
97,hänga ihop,hänga,ihop,"to be connected, to hold together",B2,4,ja,
98,passa ihop,passa,ihop,"to match, to go well together",B1,4,ja,
99,föda upp,föda,upp,"to breed, to rear (animals)",B1,4,ja,
100,sätta ihop,sätta,ihop,"to put together, to assemble",B1,4,ja,
101,ta ner,ta,ner,to take down,B1,4,ja,
102,ropa upp,ropa,upp,"to call out a name, to page",B2,4,ja,
103,falla ner,falla,ner,to fall down,B2,4,ja,
104,hålla med,hålla,med,"to agree, to concur",A2,4,ja,
105,se fram,se,fram,to look forward (always *se fram emot*),B2,4,ja,
106,vända om,vända,om,to turn back the way one came,B1,4,ja,
107,dela upp,dela,upp,"to divide up, to split",B1,4,ja,
108,reta upp,reta,upp,to annoy; *reta upp sig* to get worked up,B2,4,ja,
109,gå miste,gå,miste,to miss out (always *gå miste om*),B1,4,ja,
110,spela upp,spela,upp,to play back,B2,4,ja,
111,andas in,andas,in,"to breathe in, to inhale",A2,4,ja,
112,lägga till,lägga,till,to add,B2,4,ja,
113,sitta fast,sitta,fast,to be stuck,B2,4,ja,
114,köra på,köra,på,"to hit, to run into; to keep going",B2,4,ja ⚠,
115,komma till,komma,till,"to be added, to be gained",B1,4,ja ⚠,
116,hitta på,hitta,på,"to make up, to invent; to find something to do",B2,4,ja ⚠,
117,sätta samman,sätta,samman,"to put together, to compose",B1,4,ja,
118,blanda ihop,blanda,ihop,"to mix up, to confuse two things",B1,4,ja,
119,sätta fast,sätta,fast,to fasten; to catch (a culprit),B1,4,ja,
120,skicka ut,skicka,ut,to send out,B2,4,ja,
121,passa in,passa,in,to fit in,B1,4,ja,
122,fara ut,fara,ut,to rush out; *fara ut mot* to lash out at,B1,4,ja,
123,titta in,titta,in,"to drop in, to look in on someone",A2,4,ja,
124,blanda in,blanda,in,"to involve, to drag someone in",B1,4,ja,
125,gå med,gå,med,to join; *gå med på* to agree to,B1,4,ja,
126,lägga ut,lägga,ut,to post online; to lay out; to pay on someone's behalf,B1,4,ja,
127,göra åt,göra,åt,to do about (a problem),B2,4,ja,
128,hyra ut,hyra,ut,"to rent out, to let",A2,4,ja,
129,kolla upp,kolla,upp,"to check up on, to look into",A2,4,ja,
130,flytta ut,flytta,ut,to move out,A2,4,ja,
131,stoppa ner,stoppa,ner,"to put down into, to tuck into",B1,4,ja,
132,välja ut,välja,ut,"to select, to pick out",B1,4,ja,
133,börja om,börja,om,to start over from the beginning,B1,4,ja,
134,vara till,vara,till,"to be of use, to serve a purpose",A2,4,ja ⚠,
135,spara ihop,spara,ihop,to save up,B1,4,ja,
136,riva sönder,riva,sönder,"to tear apart, to rip up",B1,4,ja,
137,hålla undan,hålla,undan,"to keep away, to hold off",B2,4,ja,
138,föra fram,föra,fram,"to put forward, to present (an idea)",B2,4,ja,
139,hålla upp,hålla,upp,to hold up; to stop,B2,4,ja,
140,resa bort,resa,bort,"to go away, to travel away",B2,4,ja,
141,skjuta upp,skjuta,upp,to postpone,B1,4,ja,
142,lägga av,lägga,av,"to quit, to pack it in; *lägg av!* knock it off",A2,4,ja,
143,andas ut,andas,ut,to breathe out; to breathe easy,A2,4,ja,
144,flytta bort,flytta,bort,to move away,B2,4,ja,
145,ta till,ta,till,to resort to,B2,4,ja ⚠,
146,ringa upp,ringa,upp,"to call up, to ring",B1,4,ja,
147,bygga ut,bygga,ut,"to extend, to enlarge",B2,4,ja,
148,gå an,gå,an,to be acceptable (*det går an*),B2,4,ja,
149,gå igen,gå,igen,to recur; to haunt,A2,4,ja,
150,trycka ner,trycka,ner,to push down; to belittle,B2,4,ja,
151,läsa på,läsa,på,"to study up, to swot",B1,4,ja ⚠,
152,ställa ut,ställa,ut,to exhibit; to issue (a document),B1,4,ja,
153,slösa bort,slösa,bort,"to waste, to squander",B1,4,ja,
154,ta av,ta,av,to take off (clothes); to turn off (a road),A2,4,ja,
155,träna upp,träna,upp,"to build up, to train up (a skill)",B1,4,ja,
156,plocka ihop,plocka,ihop,"to gather up, to pack together",B1,4,ja,
157,dricka ur,dricka,ur,"to drink up, to empty a glass",C1,4,ja,
158,rycka in,rycka,in,"to step in, to fill in",A2,4,ja,
159,blåsa upp,blåsa,upp,to inflate; to blow up (a storm),B2,4,ja,
160,hålla kvar,hålla,kvar,"to keep, to detain",B2,4,ja,
161,jaga upp,jaga,upp,"to work up, to agitate",B2,4,ja,
162,kasta bort,kasta,bort,to throw away,B2,4,ja,
163,slå ihjäl,slå,ihjäl,"to kill, to beat to death",B2,4,ja,
164,slå in,slå,in,to wrap up (a parcel); to come true,B2,4,ja,
165,slå sönder,slå,sönder,"to smash, to break",B2,4,ja,
166,söka upp,söka,upp,"to seek out, to go and find",B2,4,ja,
167,packa in,packa,in,"to pack, to wrap up",A1,5,ja,
168,skjuta in,skjuta,in,to insert; to interject,B2,5,ja,
169,ta itu,ta,itu,to tackle (always *ta itu med*),B1,5,ja,
170,hinna med,hinna,med,"to have time for, to make it to",B1,5,ja,
171,klara av,klara,av,"to manage, to get done",B1,5,ja,
172,samla ihop,samla,ihop,"to gather up, to collect",B1,5,ja,
173,skynda på,skynda,på,to hurry up,B1,5,ja ⚠,
174,höra hemma,höra,hemma,to belong (in a place),C1,5,ja,
175,rusa ut,rusa,ut,to rush out,B1,5,ja,
176,bryta ut,bryta,ut,"to break out (war, fire); to extract",B1,5,ja,
177,gräva ner,gräva,ner,to bury,B2,5,ja,
178,sitta ner,sitta,ner,to sit down,B2,5,ja,
179,bygga om,bygga,om,"to rebuild, to convert",B2,5,ja,
180,gömma undan,gömma,undan,to hide away,B2,5,ja,
181,hugga in,hugga,in,to tuck in (to food); to pitch in,B2,5,ja,
182,skrämma bort,skrämma,bort,to scare away,B2,5,ja,
183,komma undan,komma,undan,"to get away, to escape",B2,5,ja,
184,låsa in,låsa,in,"to lock in, to lock up",B2,5,ja,
185,ställa till,ställa,till,to cause (trouble) — *ställa till med*,B2,5,ja,
186,skicka in,skicka,in,"to send in, to submit",B1,5,ja,
187,klättra upp,klättra,upp,to climb up,B1,5,ja,
188,kasta tillbaka,kasta,tillbaka,to throw back,C1,5,ja,
189,plocka undan,plocka,undan,to clear away,B1,5,ja,
190,falla in,falla,in,to chime in; *det faller mig in* it occurs to me,B1,5,ja,
191,koppla ihop,koppla,ihop,to connect together,B1,5,ja,
192,krypa upp,krypa,upp,"to crawl up, to curl up",B1,5,ja,
193,strömma in,strömma,in,"to stream in, to pour in",B1,5,ja,
194,köra slut,köra,slut,to wear out (*köra slut på*),B2,5,ja,
195,ta fast,ta,fast,"to catch, to apprehend",B2,5,ja,
196,vila ut,vila,ut,to rest up,B2,5,ja,
197,slappna av,slappna,av,"to relax, to unwind",B1,5,ja,
198,kasta in,kasta,in,to throw in,C1,5,ja,
199,hålla till,hålla,till,"to hang out, to be based somewhere",B2,5,ja,
200,hålla tillbaka,hålla,tillbaka,"to hold back, to restrain",B2,5,ja,
201,dra upp,dra,upp,to pull up; to bring up (a topic),B1,5,ja,
202,byta ut,byta,ut,"to replace, to swap out",B1,5,ja,
203,räkna bort,räkna,bort,"to discount, to leave out of a total",B1,5,ja,
204,plocka upp,plocka,upp,to pick up,A2,5,ja,
205,stoppa in,stoppa,in,"to put in, to stuff in",A2,5,ja,
206,läsa in,läsa,in,to study up on; to import (data),A2,5,ja,
207,bli över,bli,över,to be left over,A2,5,ja,
208,säga upp,säga,upp,to give notice; to dismiss; to cancel a contract,B1,5,ja,
209,falla ihop,falla,ihop,to collapse,B2,5,ja,
210,slå ner,slå,ner,to knock down; to strike (of lightning),B2,5,ja,
211,stå upp,stå,upp,to stand up,B1,5,ja,
212,gå bort,gå,bort,to pass away; to go out to dinner,B2,5,ja,
213,klä ut,klä,ut,to dress up in costume (*klä ut sig*),B2,5,ja,
214,vika ihop,vika,ihop,to fold up,B1,5,ja,
215,släppa in,släppa,in,to let in,B1,5,ja,
216,springa ut,springa,ut,to run out,A2,5,ja,
217,se ner,se,ner,to look down (*se ner på* to look down on),B2,5,ja,
218,bädda in,bädda,in,to tuck in (in bed),B1,5,ja,
219,springa fram,springa,fram,"to run forward, to run up",A2,5,ja,
220,vara ihop,vara,ihop,to be together (a couple),A2,5,ja,
221,fälla upp,fälla,upp,"to put up, to unfold (an umbrella)",C1,5,ja,
222,ge bort,ge,bort,to give away,C1,5,ja,
223,höra till,höra,till,"to belong to, to be part of",C1,5,ja ⚠,
224,köra om,köra,om,to overtake,C1,5,ja,
225,lära ut,lära,ut,to teach (a subject to someone),C1,5,ja,
226,piffa upp,piffa,upp,to spruce up,C1,5,ja,
227,sticka upp,sticka,upp,"to stick up, to protrude",C1,5,ja,
228,suga upp,suga,upp,"to soak up, to absorb",C1,5,ja,
229,ta efter,ta,efter,"to imitate, to copy someone",C1,5,ja,
230,få ihop,få,ihop,"to get together, to scrape together",A2,5,ja,
231,ge tillbaka,ge,tillbaka,to give back,B2,5,ja,
232,hänga samman,hänga,samman,to be connected (formal),B2,5,ja,
233,hålla fast,hålla,fast,to hold firm (*hålla fast vid*),B2,5,ja,
234,komma bort,komma,bort,"to get lost, to go missing",B2,5,ja,
235,laga till,laga,till,to prepare (food),B2,5,ja,
236,plocka fram,plocka,fram,"to bring out, to get out",B2,5,ja,
237,skjuta ut,skjuta,ut,to push out; to project,B2,5,ja,
238,stryka över,stryka,över,to cross out,B2,5,ja,
239,kasta ut,kasta,ut,to throw out,A2,5,ja,
240,byta om,byta,om,to change clothes,A1,5,ja,
241,hälsa på,hälsa,på,"to visit, to call on someone",A1,5,ja ⚠,
242,stå till,stå,till,"to be, to stand (*hur står det till?*)",A1,5,ja,
243,hugga ner,hugga,ner,to cut down (a tree),B2,5,ja,
244,följa med,följa,med,"to come along, to accompany",A1,6,ja,
245,ha på sig,ha,på,to wear (clothes),A1,6,ja ⚠,
246,ta på sig,ta,på,to put on (clothes); to take on (a task),A2,6,ja ⚠,
247,ta av sig,ta,av,to take off (clothes),A2,6,ja,
248,stänga av,stänga,av,"to turn off, to switch off",A2,6,ja,
249,sätta på,sätta,på,"to turn on, to switch on",A2,6,ja ⚠,
250,slå på,slå,på,"to turn on, to switch on",A2,6,ja ⚠,
251,slå av,slå,av,to switch off; to knock off (a price),A2,6,ja,
252,ha med sig,ha,med,"to have with one, to bring",A2,6,ja,
253,klä på sig,klä,på,to get dressed,A2,6,ja,
254,klä av sig,klä,av,to undress,A2,6,ja,
255,sätta sig ner,sätta,ner,to sit down,A2,6,ja,
256,slå sig ner,slå,ner,to sit down; to settle somewhere,B1,6,ja,
257,stiga på,stiga,på,"to come in, to step in (*stig på!*)",A2,6,ja ⚠,
258,passa på,passa,på,to take the opportunity,B1,6,ja ⚠,
259,ta reda på,ta,reda på,to find out,A2,6,ja,
260,få reda på,få,reda på,"to find out, to learn",B1,6,ja,
261,bry sig om,bry,om,to care about,A2,6,ja,
262,höra av sig,höra,av,to get in touch,B1,6,ja,
263,ge sig av,ge,av,"to depart, to set off",B1,6,ja,
264,komma överens,komma,överens,to agree; to get along,B1,6,ja,
265,gå igenom,gå,igenom,"to go through, to review item by item",B1,6,ja,
266,komma på,komma,på,to think of; to realise,B1,6,ja ⚠,
267,fylla i,fylla,i,to fill in (a form),A2,6,ja,
268,fylla på,fylla,på,"to refill, to top up",A2,6,ja ⚠,
269,lägga på,lägga,på,to hang up (the phone); to put on top,A2,6,ja ⚠,
270,flytta in,flytta,in,to move in,A2,6,ja,
271,gå av,gå,av,"to come off, to break; to get off (a vehicle)",A2,6,ja ⚠,
272,skriva under,skriva,under,to sign,B1,6,ja ⚠,
273,skriva på,skriva,på,to sign (a contract),B1,6,ja ⚠,
274,skriva in,skriva,in,"to enter, to register",B1,6,ja,
275,torka av,torka,av,"to wipe off, to wipe down",A2,6,ja,
276,plocka bort,plocka,bort,"to remove, to clear away",A2,6,ja,
277,ställa fram,ställa,fram,"to put out, to set out",A2,6,ja,
278,packa ihop,packa,ihop,to pack up,A2,6,ja,
279,städa upp,städa,upp,"to clean up, to tidy up",A2,6,ja,
280,checka in,checka,in,to check in,A2,6,ja,
281,checka ut,checka,ut,to check out,A2,6,ja,
282,ringa tillbaka,ringa,tillbaka,to call back,A2,6,ja,
283,skicka tillbaka,skicka,tillbaka,to send back,A2,6,ja,
284,komma ner,komma,ner,to come down,A2,6,ja,
285,gå iväg,gå,iväg,"to leave, to head off",A2,6,ja,
286,åka bort,åka,bort,"to go away, to be away",A2,6,ja,
287,hoppa upp,hoppa,upp,to jump up,A2,6,ja,
288,vara tillbaka,vara,tillbaka,to be back,A2,6,ja,
289,tänka igenom,tänka,igenom,to think through,B1,6,ja,
290,tänka över,tänka,över,"to think over, to consider",B1,6,ja ⚠,
291,läsa igenom,läsa,igenom,to read through,B1,6,ja,
292,se över,se,över,"to review, to look over",B2,6,ja ⚠,
293,se sig om,se,om,to look around,B1,6,ja,
294,se tillbaka,se,tillbaka,to look back,B2,6,ja,
295,titta ut,titta,ut,to look out,B1,6,ja,
296,titta upp,titta,upp,to look up,B1,6,ja,
297,titta fram,titta,fram,"to peek out, to appear",B1,6,ja,
298,titta förbi,titta,förbi,to drop by,B1,6,ja,
299,komma förbi,komma,förbi,"to come by, to drop by",B1,6,ja,
300,kolla in,kolla,in,"to check out, to have a look at",B1,6,ja,
301,hålla i,hålla,i,to hold on to; to host (an event),B1,6,ja ⚠,
302,hålla ut,hålla,ut,"to hold out, to persevere",B1,6,ja,
303,hålla igång,hålla,igång,"to keep going, to keep running",B1,6,ja,
304,hålla om,hålla,om,"to hold, to hug",B1,6,ja ⚠,
305,hålla av,hålla,av,to be fond of,B2,6,ja,
306,hålla inne,hålla,inne,"to hold back, to withhold",B2,6,ja,
307,slå till,slå,till,to strike; to take the offer,B1,6,ja,
308,stå på sig,stå,på,to stand one's ground,B1,6,ja ⚠,
309,sitta kvar,sitta,kvar,to stay seated; to be held back a year,B1,6,ja,
310,stanna till,stanna,till,"to stop by, to pause",B1,6,ja,
311,stanna upp,stanna,upp,to come to a halt,B2,6,ja,
312,lägga sig i,lägga,i,"to interfere, to meddle",B1,6,ja ⚠,
313,lägga på sig,lägga,på,to put on weight,B1,6,ja ⚠,
314,lägga ihop,lägga,ihop,to add up,B1,6,ja,
315,räkna ihop,räkna,ihop,"to add up, to total",B1,6,ja,
316,räkna in,räkna,in,"to count in, to include",B2,6,ja,
317,räkna med,räkna,med,"to count on, to expect",B1,6,ja ⚠,
318,dra igång,dra,igång,"to kick off, to get going",B1,6,ja,
319,dra på sig,dra,på,"to incur, to bring on oneself",B2,6,ja ⚠,
320,dra åt,dra,åt,to tighten,B2,6,ja,
321,dra ifrån,dra,ifrån,to subtract; to draw (curtains),B1,6,ja,
322,dra sig undan,dra,undan,"to withdraw, to keep to oneself",B2,6,ja,
323,dela in,dela,in,to divide into (groups),B1,6,ja,
324,samla in,samla,in,"to collect, to gather",B1,6,ja,
325,plocka in,plocka,in,"to bring in, to pick up",B1,6,ja,
326,plocka ut,plocka,ut,"to pick out, to select",B1,6,ja,
327,lämna ut,lämna,ut,to hand out; to disclose,B1,6,ja,
328,hämta ut,hämta,ut,"to collect, to pick up (a parcel)",B1,6,ja,
329,hämta in,hämta,in,to fetch in; to catch up (a deficit),B2,6,ja,
330,betala tillbaka,betala,tillbaka,to pay back,B1,6,ja,
331,betala av,betala,av,to pay off,B1,6,ja,
332,betala in,betala,in,"to pay in, to deposit",B1,6,ja,
333,köpa in,köpa,in,"to buy in, to purchase",B1,6,ja,
334,sälja ut,sälja,ut,"to sell off, to sell out",B1,6,ja,
335,bygga upp,bygga,upp,"to build up, to establish",B1,6,ja,
336,bygga in,bygga,in,"to build in, to integrate",B2,6,ja,
337,stänga in,stänga,in,"to shut in, to confine",B2,6,ja,
338,stänga ut,stänga,ut,"to shut out, to exclude",B2,6,ja,
339,öppna upp,öppna,upp,to open up,B2,6,ja,
340,riva ner,riva,ner,"to tear down, to demolish",B1,6,ja,
341,riva upp,riva,upp,to tear up; to reopen (an issue),B2,6,ja,
342,bryta in,bryta,in,"to cut in, to interrupt",B2,6,ja,
343,bryta sig in,bryta,in,to break in (burglary),B2,6,ja,
344,byta in,byta,in,to trade in,B1,6,ja,
345,byta upp sig,byta,upp,to trade up,B2,6,ja,
346,få fram,få,fram,to get across; to produce,B1,6,ja,
347,få tillbaka,få,tillbaka,to get back,A2,6,ja,
348,få ut,få,ut,"to get out of, to gain from",B1,6,ja,
349,få in,få,in,"to get in, to receive",B1,6,ja,
350,få med,få,med,to bring along; to include,B1,6,ja,
351,få bort,få,bort,"to get rid of, to remove",B1,6,ja,
352,få igång,få,igång,"to get going, to start up",B1,6,ja,
353,få upp,få,upp,to get open; to get up,B1,6,ja,
354,få för sig,få,för,to take it into one's head,B2,6,ja,
355,ge sig ut,ge,ut,"to set out, to venture out",B1,6,ja,
356,ge sig på,ge,på,"to attack, to go after",B2,6,ja,
357,ge sig iväg,ge,iväg,"to set off, to head off",B1,6,ja,
358,ge sig in i,ge,in,to get involved in,B2,6,ja,
359,göra av med,göra,av,to spend; to get rid of,B2,6,ja,
360,göra bort sig,göra,bort,to embarrass oneself,B2,6,ja,
361,göra sig till,göra,till,"to put on airs, to show off",B2,6,ja,
362,säga åt,säga,åt,to tell someone to; to tell off,B1,6,ja,
363,säga upp sig,säga,upp,"to resign, to quit a job",B1,6,ja,
364,känna av,känna,av,to feel the effects of,B2,6,ja,
365,känna på sig,känna,på,"to have a feeling, to sense",B2,6,ja ⚠,
366,höra ihop,höra,ihop,to belong together,B1,6,ja,
367,gå med på,gå,med,"to agree to, to consent to",B1,6,ja,
368,gå omkring,gå,omkring,to walk around,B1,6,ja,
369,gå runt,gå,runt,to go around; to break even,B1,6,ja,
370,gå om,gå,om,to overtake; to repeat (a school year),B1,6,ja,
371,gå isär,gå,isär,to come apart; to split up,B2,6,ja,
372,gå ur,gå,ur,to come out (of a stain); to withdraw from,B2,6,ja,
373,gå fram,gå,fram,"to advance, to go forward",B1,6,ja,
374,gå före,gå,före,to go first; to take priority,B1,6,ja,
375,gå in för,gå,in,"to commit to, to throw oneself into",B2,6,ja,
376,komma med,komma,med,to come along; to come up with,B1,6,ja,
377,komma av sig,komma,av,to lose one's thread,B2,6,ja,
378,ta i,ta,i,to exert oneself; to touch,B1,6,ja ⚠,
379,ta på,ta,på,to touch,B1,6,ja ⚠,
380,ta sig an,ta,an,"to take on, to take charge of",B2,6,ja,
381,ta till sig,ta,till,"to take in, to absorb",B2,6,ja,
382,ta åt sig,ta,åt,to take it personally,B2,6,ja,
383,ta ut sig,ta,ut,to wear oneself out,B2,6,ja,
384,köra över,köra,över,to run over; to steamroll (a person),B1,6,ja ⚠,
385,köra upp,köra,upp,to take the driving test,B1,6,ja,
386,köra ut,köra,ut,to drive out; to deliver,B1,6,ja,
387,slänga ut,slänga,ut,to throw out,B1,6,ja,
388,hoppa in,hoppa,in,"to fill in, to step in for someone",B1,6,ja,
389,koka upp,koka,upp,to bring to the boil,B1,6,ja,
390,skära upp,skära,upp,"to cut up, to slice",B1,6,ja,
391,hälla ut,hälla,ut,to pour out,B1,6,ja,
392,hälla i,hälla,i,to pour in,B1,6,ja,
393,frysa in,frysa,in,to freeze (food),B1,6,ja,
394,ladda ner,ladda,ner,to download,C1,7,ja,
395,ladda upp,ladda,upp,to upload; to charge (a battery),C1,7,ja,
396,logga in,logga,in,to log in,C1,7,ja,
397,logga ut,logga,ut,to log out,B1,7,ja,
398,komma åt,komma,åt,"to reach, to get at",C1,7,ja,
399,komma över,komma,över,to get over; to come across,C1,7,ja,
400,hoppa av,hoppa,av,to drop out; to jump off,C1,7,ja,
401,hålla ihop,hålla,ihop,to stick together,C1,7,ja,
402,hålla uppe,hålla,uppe,"to keep up, to sustain",B2,7,ja,
403,hålla igen,hålla,igen,"to hold back, to restrain oneself",B1,7,ja,
404,hålla samman,hålla,samman,to hold together (formal),B2,7,ja,
405,slå fast,slå,fast,"to establish, to state firmly",C1,7,ja,
406,slå samman,slå,samman,"to merge, to amalgamate",C1,7,ja,
407,slå ihop,slå,ihop,to merge; to fold up,B2,7,ja,
408,ställa om,ställa,om,"to readjust, to switch over",C1,7,ja,
409,stöta ihop,stöta,ihop,to bump into (someone),C1,7,ja,
410,sudda ut,sudda,ut,"to erase, to rub out",C1,7,ja,
411,ta miste,ta,miste,to be mistaken,C1,7,ja,
412,ta tillbaka,ta,tillbaka,"to take back, to retract",B1,7,ja,
413,tänka ut,tänka,ut,"to think up, to devise",C1,7,ja,
414,fundera ut,fundera,ut,"to figure out, to work out",C1,7,ja,
415,vakna upp,vakna,upp,to wake up,C1,7,ja,
416,flytta fram,flytta,fram,to move forward; to push to a later time,C1,7,ja,
417,hänga ut,hänga,ut,to hang out (washing); to expose publicly,C1,7,ja,
418,köra bort,köra,bort,"to drive away, to chase off",C1,7,ja,
419,köra fast,köra,fast,"to get stuck, to reach an impasse",C1,7,ja,
420,köpa upp,köpa,upp,to buy up,C1,7,ja,
421,lära upp,lära,upp,to train (a person),C1,7,ja,
422,lära om,lära,om,"to relearn, to learn afresh",A2,7,ja,
423,leta upp,leta,upp,"to look up, to track down",B2,7,ja,
424,leta fram,leta,fram,"to dig out, to find by searching",B2,7,ja,
425,räkna upp,räkna,upp,"to list, to enumerate",C1,7,ja,
426,skaffa fram,skaffa,fram,"to obtain, to procure",C1,7,ja,
427,skaka av,skaka,av,to shake off,C1,7,ja,
428,skaka om,skaka,om,to shake up,B2,7,ja,
429,slita ut,slita,ut,to wear out,C1,7,ja,
430,trötta ut,trötta,ut,to tire out,B2,7,ja,
431,stiga ner,stiga,ner,"to step down, to descend",C1,7,ja,
432,stiga av,stiga,av,to get off (a vehicle),B1,7,ja,
433,träda tillbaka,träda,tillbaka,"to step down, to withdraw",C1,7,ja,
434,turas om,turas,om,to take turns — base is deponent *turas*,C1,7,ja,
435,hjälpas åt,hjälpas,åt,to help one another — base is deponent *hjälpas*,B2,7,ja,
436,växa bort,växa,bort,to grow out of (a problem),C1,7,ja,
437,dra av,dra,av,to deduct; to pull off,B2,7,ja,
438,dra ihop,dra,ihop,"to contract, to pull together",B2,7,ja,
439,dra ner,dra,ner,to pull down; to cut back,B2,7,ja,
440,duka upp,duka,upp,to lay out a spread of food,B2,7,ja,
441,duka av,duka,av,to clear the table,B1,7,ja,
442,ge igen,ge,igen,"to get back at, to retaliate",B2,7,ja,
443,gripa in,gripa,in,to intervene,B2,7,ja,
444,ha sönder,ha,sönder,to break (something),B2,7,ja,
445,lämna kvar,lämna,kvar,to leave behind,B2,7,ja,
446,rulla upp,rulla,upp,to roll up,B2,7,ja,
447,rulla ut,rulla,ut,to roll out,B1,7,ja,
448,skjuta av,skjuta,av,to fire off (a shot),B2,7,ja,
449,skrämma upp,skrämma,upp,"to startle, to frighten",B2,7,ja,
450,skräpa ner,skräpa,ner,to litter,B2,7,ja,
451,skära ut,skära,ut,to cut out,B2,7,ja,
452,skära ner,skära,ner,"to cut back, to reduce",B1,7,ja,
453,slumra till,slumra,till,to doze off,B2,7,ja,
454,springa in,springa,in,to run in,B2,7,ja,
455,spåra upp,spåra,upp,to track down,B2,7,ja,
456,störta in,störta,in,to rush in; to cave in,B2,7,ja,
457,störta ner,störta,ner,"to plunge down, to crash",B2,7,ja,
458,tona ner,tona,ner,"to tone down, to play down",B2,7,ja,
459,välja om,välja,om,to re-elect,B2,7,ja,
460,gifta bort,gifta,bort,to marry off,B2,7,ja,
461,se efter,se,efter,"to check, to have a look; to look after",B2,7,ja ⚠,
462,se upp,se,upp,"to watch out, to look out",B2,7,ja,
463,sträcka ut,sträcka,ut,to stretch out,B2,7,ja,
464,gå samman,gå,samman,"to join forces, to merge",B1,7,ja,
465,packa ner,packa,ner,to pack (into a bag),A2,7,ja,
466,packa upp,packa,upp,to unpack,A2,7,ja,
467,göra av,göra,av,to do with (*vad ska jag göra av det?*),B1,7,ja,
468,lägga fram,lägga,fram,"to put forward, to present",B1,7,ja,
469,rösta fram,rösta,fram,"to vote in, to elect",B1,7,ja,
470,smälla igen,smälla,igen,to slam shut,B1,7,ja,
471,smörja in,smörja,in,to rub in (cream),B1,7,ja,
472,tvätta bort,tvätta,bort,to wash off,B1,7,ja,
473,sköta om,sköta,om,"to look after, to take care of",B2,7,ja,
474,gå på,gå,på,"to go on, to continue; to be taken in by",A2,8,ja ⚠,
475,se till,se,till,"to make sure, to see to it",B2,8,ja ⚠,
476,ta över,ta,över,to take over,C1,8,ja,
477,tappa bort,tappa,bort,"to lose, to mislay",B2,8,ja,
478,stanna kvar,stanna,kvar,"to stay behind, to remain",B2,8,ja,
479,slänga bort,slänga,bort,to throw away,B1,8,ja,
480,skriva upp,skriva,upp,"to write down, to note down",C1,8,ja,
481,känna efter,känna,efter,to check how one feels,C1,8,ja,
482,lugna ner,lugna,ner,to calm down (*lugna ner sig*),B2,8,ja,
483,ta isär,ta,isär,to take apart,B2,8,ja,
484,gå ihop,gå,ihop,to add up; to break even,B2,8,ja,
485,rinna ut,rinna,ut,"to run out, to leak out",B2,8,ja,
486,koppla bort,koppla,bort,"to disconnect, to switch off",C1,8,ja,
487,lämna bort,lämna,bort,"to hand over, to give away",C1,8,ja,
488,rasa ihop,rasa,ihop,to collapse,C1,8,ja,
489,smälta ihop,smälta,ihop,"to melt together, to fuse",C1,8,ja,
490,knyta ihop,knyta,ihop,to tie together; to tie up (loose ends),C1,8,ja,
491,sprida ut,sprida,ut,"to spread out, to disseminate",C1,8,ja,
492,skruva ner,skruva,ner,to turn down (the volume),C1,8,ja,
493,skruva upp,skruva,upp,to turn up (the volume),B1,8,ja,
494,komma ikapp,komma,ikapp,to catch up,C1,8,ja,
495,nöta ut,nöta,ut,to wear out,B1,8,ja,
496,åka in,åka,in,to go in; to be put inside (jailed),B1,8,ja,
497,arbeta bort,arbeta,bort,to work off,C1,8,ja,
498,dyrka upp,dyrka,upp,to pick (a lock),B2,8,ja,
499,knappa in,knappa,in,"to key in, to type in",C1,8,ja,
500,ta tillvara,ta,tillvara,to make use of,C1,8,ja,
501,bli av med,bli,av,lose; get rid of,B1,9,v+p+prep,
502,bli ifrån sig,bli,ifrån,"become beside oneself, distraught",B1,9,refl,
503,bli till,bli,till,come into existence,B1,9,plain,
504,bli till sig,bli,till,get very excited or worked up,B1,9,refl,
505,få av,få,av,"manage to get off, remove",B1,9,plain,
506,få hem,få,hem,get delivered into stock or home,B1,9,plain,
507,få igen,få,igen,get properly shut; get back (something lent); get paid back (revenge),B1,9,plain,
508,få igenom,få,igenom,get others to accept,B1,9,plain,
509,få med sig,få,med,manage to bring along; win over as supporters,B1,9,refl,
510,få till,få,till,manage to produce; spin a fanciful tale,B1,9,plain,
511,få undan,få,undan,clear away; get (a chore) done,B1,9,plain,
512,få ur,få,ur,manage to squeeze out; coax (information) out of someone,B1,9,plain,
513,få över,få,över,get transferred; have left over,B1,9,plain,
514,ge efter,ge,efter,"yield, relent; give way physically",B1,9,plain,
515,ge ifrån sig,ge,ifrån,hand over; emit (a sound),B1,9,refl,
516,ge med sig,ge,med,relent; ease off (pain); give way physically,B1,9,refl,
517,ge sig ut för,ge,ut,pass oneself off as,B1,9,refl,
518,ge till,ge,till,"let out (a cry, a laugh)",B1,9,plain,
519,gå av och an,gå,av,pace back and forth,B1,9,v+p+prep,
520,gå efter,gå,efter,walk behind; run slow (a clock); go fetch,B1,9,plain,
521,gå emellan,gå,emellan,"mediate, step in between",B1,9,plain,
522,gå emot,gå,emot,"walk into; oppose, go against",B1,9,plain,
523,gå för sig,gå,för,"be suitable, be permissible",B1,9,refl,
524,gå förbi,gå,förbi,"pass by, overtake",B1,9,plain,
526,gå ifrån,gå,ifrån,leave one's post briefly; abandon (a partner),B1,9,plain,
527,gå igång,gå,igång,start (an engine),B1,9,plain,
528,gå itu,gå,itu,break in two,B1,9,plain,
529,gå ner sig,gå,ner,sink through ice or bog; let oneself decline,B1,9,refl,
530,gå tillbaka,gå,tillbaka,go back; slowly recede,B1,9,plain,
531,gå under,gå,under,"go beneath; sink, be destroyed",B1,9,plain,
532,gå upp för,gå,upp,"become clear to, dawn on (impersonal)",C1,9,v+p+prep,
533,gå upp i,gå,upp,be absorbed into; immerse oneself in,B1,9,v+p+prep,
534,gå ut på,gå,ut,"aim at, be about",B1,9,v+p+prep,
535,gå ut över,gå,ut,"take its toll on, hit negatively",B1,9,v+p+prep,
536,gå utför,gå,utför,"go downhill, deteriorate",B1,9,plain,
537,göra ner,göra,ner,"criticize harshly, demolish",B1,9,plain,
538,ha emot,ha,emot,"object to, dislike",B1,9,plain,
539,ha för sig,ha,för,"be up to, be occupied with; have a vague belief",B1,9,refl,
540,ha över,ha,över,have left over,B1,9,plain,
541,hålla efter,hålla,efter,"keep in check, supervise",B1,9,plain,
542,hålla fast vid,hålla,fast,"stick to, remain loyal to",B1,9,v+p+prep,
543,hålla i sig,hålla,i,"hold on to avoid falling; persist (weather, impersonal)",C1,9,refl,
544,hålla inne med,hålla,inne,keep secret,B1,9,v+p+prep,
545,hålla på med,hålla,på,be occupied with,B1,9,v+p+prep,
546,hålla sig undan,hålla,undan,"hide, stay out of reach",B1,9,refl,
547,hålla sig uppe,hålla,uppe,"stay awake, stay upright",B1,9,refl,
548,höra av,höra,av,receive word from,B1,9,plain,
549,höra efter,höra,efter,"inquire, ask",B1,9,plain,
550,höra hit,höra,hit,be relevant; belong to a group,B1,9,plain,
551,höra på,höra,på,listen attentively,B1,9,plain,
552,höra sig för,höra,för,"make inquiries, ask around",B1,9,refl,
553,höra upp,höra,upp,listen up,B1,9,plain,
554,komma an på,komma,an,depend on,B1,9,v+p+prep,
555,komma av,komma,av,get off (a vehicle); result from,B1,9,plain,
556,komma efter,komma,efter,follow later; fall behind,B1,9,plain,
557,komma före,komma,före,arrive ahead of,B1,9,plain,
558,komma ifrån,komma,ifrån,get away from one's post,B1,9,plain,
559,komma igenom,komma,igenom,get through; overcome (a hard period),B1,9,plain,
560,komma ihop sig,komma,ihop,"quarrel, fall out",B1,9,refl,
561,komma iväg,komma,iväg,"get going, get off",B1,9,plain,
562,komma loss,komma,loss,come free; get away; loosen up,B1,9,plain,
563,komma om,komma,om,overtake,B1,9,plain,
564,komma runt,komma,runt,get around (an obstacle or problem),B1,9,plain,
565,komma sig upp,komma,upp,advance in life,B1,9,refl,
567,känna på,känna,på,try out what something feels like,B1,9,plain,
568,ligga av sig,ligga,av,get rusty from disuse,B1,9,refl,
569,ligga bakom,ligga,bakom,"be behind, be the cause of",B1,9,plain,
570,ligga efter,ligga,efter,drive behind; be behind schedule; nag,B1,9,plain,
571,ligga för,ligga,för,suit someone's nature (impersonal),C1,9,plain,
572,ligga före,ligga,före,be ahead,B1,9,plain,
573,ligga i,ligga,i,"work hard, keep at it",B1,9,plain,
574,ligga inne,ligga,inne,be in hospital; do military service indoors,B1,9,plain,
575,ligga inne med,ligga,inne,"hold, have in one's possession (claims, stock)",B1,9,v+p+prep,
576,ligga nere,ligga,nere,be at a standstill,B1,9,plain,
577,ligga på,ligga,på,"beat down strongly (sun); keep pressing, nag",B1,9,plain,
578,ligga till,ligga,till,"be positioned, stand (in a competition); be the state of things (impersonal)",C1,9,plain,
579,ligga till sig,ligga,till,"improve by resting, ripen",B1,9,refl,
580,ligga under,ligga,under,"be trailing, be behind in score",B1,9,plain,
581,ligga ute,ligga,ute,camp outdoors; be out somewhere,B1,9,plain,
582,ligga ute med,ligga,ute,"have money lent out, be owed",B1,9,v+p+prep,
583,ligga över,ligga,över,stay overnight; be leading in score; weigh on someone,B1,9,plain,
584,lägga an på,lägga,an,"make a play for, court",B1,9,v+p+prep,
585,lägga emellan,lägga,emellan,pay the difference,B1,9,plain,
586,lägga för,lägga,för,put in the way of; serve (food) onto a plate,B2,9,plain,
587,lägga sig till med,lägga,till,acquire (a new look or habit),B1,9,refl,
588,lägga sig ut för,lägga,ut,put in a good word for,B1,9,refl,
589,lägga undan,lägga,undan,put aside; save up,B1,9,plain,
590,lägga under sig,lägga,under,"conquer, subjugate",B1,9,refl,
591,läsa av,läsa,av,read off (a meter),B1,9,plain,
592,läsa upp,läsa,upp,read aloud,C1,9,plain,
593,läsa ut,läsa,ut,make sense of (a text),B1,9,plain,
594,se fram emot,se,fram,look forward to,B1,9,v+p+prep,
595,se ner på,se,ner,"despise, look down on",B1,9,v+p+prep,
596,se upp till,se,upp,admire,B1,9,v+p+prep,
597,skriva av,skriva,av,copy in writing,B1,9,plain,
598,skriva in sig,skriva,in,"register, enroll",B1,9,refl,
599,skriva om,skriva,om,rewrite; write about,B1,9,plain,
600,skriva över,skriva,över,overwrite; sign over (property),B1,9,plain,
601,stå bakom,stå,bakom,"be behind, be responsible for; back, support",B1,9,plain,
602,stå emot,stå,emot,"withstand, resist",B1,9,plain,
603,stå fast vid,stå,fast,"stand by, not change one's position",B1,9,v+p+prep,
604,stå fram,stå,fram,step forward publicly,B1,9,plain,
605,stå framme,stå,framme,be left out (food); stand at the front,B1,9,plain,
606,stå för,stå,för,"block (a view); provide, be responsible for",B1,9,plain,
607,stå före,stå,före,be ahead in a queue,B1,9,plain,
608,stå i,stå,i,"bustle, work busily",B1,9,plain,
609,stå inne,stå,inne,remain deposited (money in the bank),B1,9,plain,
610,stå på,stå,på,be going on (impersonal); be happening,B1,9,plain,
611,stå över,stå,över,"pass, skip one's turn",B1,9,plain,
612,ställa av,ställa,av,set down; deregister (a vehicle) temporarily,B1,9,plain,
613,ställa in sig,ställa,in,prepare oneself mentally for,B1,9,refl,
614,ställa om sig,ställa,om,adapt one's way of life,B1,9,refl,
615,ställa sig in,ställa,in,ingratiate oneself,B1,9,refl,
616,ställa tillbaka,ställa,tillbaka,put back; set (a clock) back,B1,9,plain,
617,säga efter,säga,efter,repeat after someone,B1,9,plain,
618,säga emot,säga,emot,"contradict, object",B1,9,plain,
619,säga ifrån,säga,ifrån,speak up in protest,B1,9,plain,
621,säga till om,säga,till,have authority over,B1,9,v+p+prep,
622,sätta av,sätta,av,drop off (a passenger); set aside (money); dash off,B2,9,plain,
623,sätta efter,sätta,efter,set off in pursuit,B1,9,plain,
624,sätta fram,sätta,fram,put out (dishes),B1,9,plain,
625,sätta för,sätta,för,"put in front of, cover with",B1,9,plain,
626,sätta ner,sätta,ner,put down; reduce (prices),B1,9,plain,
627,sätta om,sätta,om,repot (plants); reset (printed text),B1,9,plain,
628,sätta på sig,sätta,på,put on (one's clothes),B1,9,refl,
629,sätta sig emot,sätta,emot,oppose actively,B1,9,refl,
630,sätta sig in i,sätta,in,familiarize oneself with,B1,9,refl,
631,sätta sig upp mot,sätta,upp,"defy, rebel against",B1,9,refl,
632,sätta sig över,sätta,över,"disregard, put oneself above",B1,9,refl,
633,sätta till,sätta,till,add (ingredients),B1,9,plain,
634,sätta undan,sätta,undan,put out of reach; save for later,B1,9,plain,
635,ta för sig,ta,för,help oneself; grab without regard for others,B1,9,refl,
636,ta igen,ta,igen,make up (lost ground),B1,9,plain,
637,ta igen sig,ta,igen,"rest, recover",B1,9,refl,
638,ta in på,ta,in,close the gap on,B1,9,v+p+prep,
639,ta itu med,ta,itu,get down to; take someone to task,B1,9,v+p+prep,
640,ta sig fram,ta,fram,"make one's way, get ahead",B1,9,refl,
641,ta sig för,ta,för,occupy oneself with,B1,9,refl,
642,ta sig före,ta,före,"undertake, decide to do",B1,9,refl,
643,ta sig till,ta,till,"do, resort to doing",B1,9,refl,
644,ta sig ut,ta,ut,"get out; look, appear",B1,9,refl,
645,ta undan,ta,undan,clear away; set aside for oneself,B1,9,plain,
646,ta ur,ta,ur,take out of; gut (a bird); disabuse someone of a belief,B1,9,plain,
647,ta vid,ta,vid,take over where another stops,B1,9,plain,
648,ta vid sig,ta,vid,take (a remark) to heart,B1,9,refl,
649,tycka till,tycka,till,voice one's opinion,B1,9,plain,
650,tänka sig in i,tänka,in,imagine oneself in,B1,9,refl,
651,tänka till,tänka,till,put in real thought,B1,9,plain,
652,vara av,vara,av,be broken in two,B1,9,plain,
653,vara av med,vara,av,be rid of,B1,9,v+p+prep,
654,vara efter,vara,efter,chase; be behind with,B1,9,plain,
655,vara emot,vara,emot,"be against, oppose",B1,9,plain,
656,vara för,vara,för,be drawn (curtains); be in favor of,B1,9,plain,
657,vara ifrån sig,vara,ifrån,be beside oneself,B1,9,refl,
658,vara kvar,vara,kvar,"remain, be left",B1,9,plain,
659,vara med om,vara,med,"experience, be involved in",B1,9,v+p+prep,
660,vara med på,vara,med,"accept, agree to",B1,9,v+p+prep,
661,vara om sig,vara,om,"be thrifty, look out for one's own advantage",B1,9,refl,
662,vara på,vara,på,be switched on; keep close watch on someone,A2,9,plain,
663,vara till för,vara,till,exist for the purpose of,B1,9,v+p+prep,
664,vara till sig,vara,till,"be worked up, excited",B1,9,refl,
665,veta av,veta,av,"tolerate, want to hear of",B1,9,plain,
666,veta med sig,veta,med,be privately aware,B1,9,refl,
667,visa bort,visa,bort,"turn away, dismiss",B1,9,plain,
668,visa tillbaka,visa,tillbaka,reject (accusations),B1,9,plain,
669,visa ut,visa,ut,show out; expel from the premises,B1,9,plain,
670,bygga för,bygga,för,block something by building,B2,9,plain,
671,bygga på,bygga,på,add height or a storey; supplement (education),B2,9,plain,
672,bygga till,bygga,till,enlarge by building an extension,B2,9,plain,
673,bära av,bära,av,set off (impersonal),C1,9,plain,
674,bära emot,bära,emot,feel hard or unpleasant to do (impersonal),C1,9,plain,
675,bära iväg,bära,iväg,carry off; head off (impersonal),C1,9,plain,
676,bära sig åt,bära,åt,behave; go about doing something,B2,9,refl,
677,bära upp,bära,upp,carry upstairs; wear (clothes) elegantly,B2,9,plain,
678,börja på,börja,på,"begin; start at (a school, job)",B2,9,plain,
679,kunna med,kunna,med,"stand, tolerate (usually negated)",B2,9,plain,
680,riva av,riva,av,tear off; rattle off (a tune),B2,9,plain,
681,riva i,riva,i,snap angrily; rummage roughly,B2,9,plain,
682,riva ut,riva,ut,tear out (a page),B2,9,plain,
683,riva åt sig,riva,åt,snatch up,B2,9,refl,
684,stänga igen,stänga,igen,shut properly,B2,9,plain,
685,stänga till,stänga,till,"close temporarily, push shut",B2,9,plain,
686,stänga ute,stänga,ute,"keep out, shut out",B2,9,plain,
687,dra bort,dra,bort,pull away; subtract; move away (weather),B1,9,plain,
688,dra fram,dra,fram,pull out; keep dredging up; sweep through in a group,B1,9,plain,
689,dra för,dra,för,pull (curtains) closed,B1,9,plain,
690,dra ihop sig,dra,ihop,"contract; be approaching (impersonal, e.g. storm)",C1,9,refl,
691,dra in på,dra,in,cut down on,B1,9,v+p+prep,
692,dra ner på,dra,ner,cut back on,B1,9,v+p+prep,
694,dra på,dra,på,"pull on (clothing, with effort); speed up; carry (an illness) around",B1,9,plain,
695,dra sig fram,dra,fram,scrape by financially,B1,9,refl,
696,dra sig tillbaka,dra,tillbaka,"retreat, move away; retire from activity",B1,9,refl,
697,dra sig ur,dra,ur,"pull out of, quit an undertaking",B1,9,refl,
698,dra till,dra,till,tighten; pull shut,B1,9,plain,
699,dra till med,dra,till,blurt out a guess,B1,9,v+p+prep,
700,dra till sig,dra,till,attract,B1,9,refl,
701,dra ut på,dra,ut,"run over, take longer than planned",B1,9,v+p+prep,
702,dra åt sig,dra,åt,pull toward oneself; absorb,B1,9,refl,
703,dra över,dra,över,run over (allotted time); pull (a cover) over,C1,9,plain,
704,hoppa i,hoppa,i,jump into (water),B1,9,plain,
705,hoppa på,hoppa,på,jump onto (a bus); seize on trying; attack with criticism,B1,9,plain,
706,hoppa till,hoppa,till,"give a start, jump in surprise",B1,9,plain,
707,hämta ner,hämta,ner,download to one's computer,B1,9,plain,
708,hänga av sig,hänga,av,hang up one's outdoor clothes,B1,9,refl,
709,hänga efter,hänga,efter,trail after someone annoyingly,B1,9,plain,
710,hänga på,hänga,på,follow close behind; hang out at a place,B1,9,plain,
711,hänga sig på,hänga,på,tag along uninvited,B1,9,refl,
712,hänga upp sig,hänga,upp,"jam, freeze (a machine); fixate on a detail",B1,9,refl,
713,hänga över,hänga,över,"move (clothes) over; loom over, worry; pore over",B1,9,plain,
714,kasta av,kasta,av,throw off (a rider),B1,9,plain,
715,kasta fram,kasta,fram,toss out hastily; float (a proposal),B1,9,plain,
716,kasta i sig,kasta,i,wolf down food,B1,9,refl,
717,kasta om,kasta,om,throw again; reverse the order of,B1,9,plain,
718,kasta omkull,kasta,omkull,knock over,B1,9,plain,
719,kasta upp,kasta,upp,throw upward; vomit,C1,9,plain,
720,klä av,klä,av,undress,B1,9,refl,
721,klä om,klä,om,change clothes; reupholster,B2,9,refl,
722,klä på,klä,på,dress,B1,9,refl,
723,klä upp,klä,upp,dress up in fine clothes,B1,9,refl,
724,köpa hem,köpa,hem,buy in (groceries),B1,9,plain,
725,köpa ut,köpa,ut,buy alcohol for someone; buy out a co-owner,B1,9,plain,
726,köra av,köra,av,drive off (the road),B1,9,plain,
727,köra ihop,köra,ihop,collide; heap together carelessly,B1,9,plain,
728,köra ihop sig,köra,ihop,become chaotic (impersonal),C1,9,refl,
729,köra iväg,köra,iväg,drive off; chase away,B1,9,plain,
730,sitta emellan,sitta,emellan,"be caught in the middle, suffer from others' conflict",B1,9,plain,
731,sitta i,sitta,i,"linger, persist (pain)",B1,9,plain,
732,sitta ihop,sitta,ihop,be stuck together,B1,9,plain,
733,sitta inne,sitta,inne,stay indoors; serve a prison sentence,B1,9,plain,
734,sitta inne med,sitta,inne,possess (knowledge),B1,9,v+p+prep,
735,sitta upp,sitta,upp,mount (a horse); sit upright,B1,9,plain,
736,sitta uppe,sitta,uppe,stay up late,B1,9,plain,
737,sitta åt,sitta,åt,fit tightly,B1,9,plain,
738,slå an,slå,an,strike (a chord),B1,9,plain,
739,slå an på,slå,an,"appeal to, charm",B1,9,v+p+prep,
740,slå av på,slå,av,ease off (the pace),B1,9,v+p+prep,
742,slå bort,slå,bort,knock away; pour off; brush aside (criticism),B1,9,plain,
743,slå i,slå,i,hammer in; bump (a toe); pour into; make someone believe a lie,B1,9,plain,
744,slå ifrån,slå,ifrån,switch off (power),B1,9,plain,
745,slå ifrån sig,slå,ifrån,"refuse to accept, fend off (accusations)",B1,9,refl,
746,slå igen,slå,igen,"shut (a book, a door); close down (a business)",B1,9,plain,
747,slå igenom,slå,igenom,"achieve one's breakthrough, become famous",B1,9,plain,
748,slå in på,slå,in,take up (a new path or career),B1,9,v+p+prep,
749,slå ner på,slå,ner,swoop on; single out for criticism,B1,9,v+p+prep,
750,slå om,slå,om,"tie around; change suddenly (weather, impersonal)",C1,9,plain,
751,slå omkull,slå,omkull,knock over,B1,9,plain,
752,slå runt,slå,runt,overturn completely; party hard,B1,9,plain,
753,slå sig på,slå,på,"take up, go in for",B1,9,refl,
754,slå över,slå,över,pour into another container; overdo it emotionally,B1,9,plain,
755,spela av,spela,av,win off someone at gambling; copy (a recording),B1,9,plain,
756,spela bort,spela,bort,gamble away,B1,9,plain,
757,spela om,spela,om,play again; gamble for (money),B1,9,plain,
758,spela ut,spela,ut,play off (rivals) against each other,B1,9,plain,
759,spela över,spela,över,record over; overact,B1,9,plain,
760,springa bort,springa,bort,"run away, go missing",B1,9,plain,
761,springa efter,springa,efter,run after; run and fetch; chase (romantically),B1,9,plain,
762,springa om,springa,om,overtake while running,B1,9,plain,
763,springa på,springa,på,collide with while running; bump into (a person),B1,9,plain,
764,vika av,vika,av,turn off (a road),B1,9,plain,
765,vänta in,vänta,in,wait for (to arrive),B2,9,plain,
766,vänta ut,vänta,ut,"wait out, outlast",B1,9,plain,
767,åka dit,åka,dit,get caught and punished,B1,9,plain,
768,åka med,åka,med,get a lift,B1,9,plain,
769,åka om,åka,om,overtake,B1,9,plain,
770,åka på,åka,på,be landed with (a chore); catch (something bad),B1,9,plain,
771,åka ur,åka,ur,go off course; be relegated,B1,9,plain,
772,åka ut,åka,ut,go out (to the country); be thrown out; be eliminated,B1,9,plain,
773,äta upp sig,äta,upp,regain weight by eating,B1,9,refl,
774,arbeta av,arbeta,av,pay off a debt through work rather than money,B2,9,plain,
775,arbeta av sig,arbeta,av,get rid of a feeling by working,B2,9,refl,
776,arbeta fram,arbeta,fram,produce or finish something through work,B2,9,plain,
777,arbeta ifatt,arbeta,ifatt,catch up on delayed work,B2,9,plain,
778,arbeta in,arbeta,in,work extra hours to bank time off; make a name or product established; knead or mix in; keep working as long as possible,B2,9,plain,
779,arbeta om,arbeta,om,"rework, revise",B2,9,plain,
780,arbeta på,arbeta,på,keep on working,B2,9,plain,
781,arbeta undan,arbeta,undan,get pending work out of the way,B2,9,plain,
782,arbeta ut,arbeta,ut,devise and complete (a plan),B2,9,plain,
783,arbeta ut sig,arbeta,ut,exhaust oneself by overworking,B2,9,refl,
784,arbeta över,arbeta,över,work overtime,B2,9,plain,
785,backa på,backa,på,collide with something while reversing,B2,9,plain,
786,backa upp,backa,upp,support; reverse a vehicle up to something,B2,9,plain,
787,backa ur,backa,ur,"back out, withdraw from participation",B2,9,plain,
788,bena ut,bena,ut,"untangle, analyze (a problem)",B2,9,plain,
789,binda för,binda,för,tie something over (e.g. blindfold),B2,9,plain,
790,binda in,binda,in,bind (books) in hard covers,B2,9,plain,
791,binda upp,binda,upp,"tie up high (hair, plants)",C1,9,plain,
792,binda upp sig,binda,upp,commit oneself,B2,9,refl,
794,bita av,bita,av,bite off; cut someone short rudely,B2,9,plain,
795,bita ifrån,bita,ifrån,defend oneself sharply in words,B2,9,refl,
796,bjuda emot,bjuda,emot,"be repugnant, feel distasteful (impersonal)",C1,9,plain,
797,bjuda till,bjuda,till,make an effort,B2,9,plain,
798,bjuda upp,bjuda,upp,ask someone to dance,B2,9,plain,
799,bjuda ut,bjuda,ut,take someone out (restaurant etc); offer for sale,B2,9,plain,
800,bjuda ut sig,bjuda,ut,offer oneself sexually (pejorative),C1,9,refl,
801,bjuda över,bjuda,över,invite to one's home; outbid,B2,9,plain,
802,bre på,bre,på,spread on; exaggerate,B2,9,plain,
803,bre ut,bre,ut,spread out flat,B1,9,plain,
804,bre ut sig,bre,ut,take up much room; spread over an area,B2,9,refl,
805,brinna av,brinna,av,"go off, be fired (a shot); burn with eagerness",B2,9,plain,
806,brinna ner,brinna,ner,burn to the ground,B2,9,plain,
807,brinna upp,brinna,upp,be destroyed by fire,B1,9,plain,
808,brinna ut,brinna,ut,burn out slowly,B2,9,plain,
809,bryta av,bryta,av,break in two,B2,9,plain,
810,bryta igenom,bryta,igenom,force a way through; achieve a breakthrough to fame,B2,9,plain,
811,bryta ihop,bryta,ihop,"collapse, break down emotionally",B2,9,plain,
812,bryta ner,bryta,ner,weaken severely; decompose (chemistry),B2,9,plain,
813,bryta samman,bryta,samman,collapse in despair; fail (negotiations),B2,9,plain,
814,bränna ner,bränna,ner,burn down completely,B2,9,plain,
815,bränna upp,bränna,upp,destroy by burning,B2,9,plain,
816,bränna vid,bränna,vid,let food scorch in the pan,B2,9,plain,
817,böja av,böja,av,"turn, curve off (a road)",B2,9,plain,
818,cykla på,cykla,på,keep cycling; hit someone while cycling,B2,9,plain,
819,dela av,dela,av,partition into smaller units,B2,9,plain,
820,dela med sig,dela,med,share what one has,B2,9,refl,
821,dikta ihop,dikta,ihop,make up (a false story),B2,9,plain,
822,dikta upp,dikta,upp,"invent, fabricate (a tale)",B2,9,plain,
823,driva igenom,driva,igenom,push through despite resistance,B2,9,plain,
824,driva in,driva,in,herd in; collect (debts) by force,B2,9,plain,
825,driva omkring,driva,omkring,drift about aimlessly,B2,9,plain,
826,driva på,driva,på,urge to hurry,B2,9,plain,
827,droppa in,droppa,in,leak in; arrive one by one unplanned,B2,9,plain,
828,duka fram,duka,fram,set out food on the table,B2,9,plain,
829,duka under,duka,under,"perish, succumb",B2,9,plain,
830,duka ut,duka,ut,carry dishes back out to the kitchen,B2,9,plain,
831,dyka på,dyka,på,accost someone abruptly,B2,9,plain,
832,dö bort,dö,bort,fade away slowly (sound),B2,9,plain,
833,falla ifrån,falla,ifrån,"pass away, die",B2,9,plain,
834,falla igenom,falla,igenom,fail (an exam),B2,9,plain,
835,falla någon in,falla,in,occur to someone (impersonal),C1,9,v+p+prep,
836,falla på,falla,på,"set in (darkness, an urge)",B2,9,plain,
837,falla undan,falla,undan,"stop resisting, give in (to)",B2,9,plain,
838,falla ut,falla,ut,"fall out; turn out, develop",B2,9,plain,
840,fara på,fara,på,attack fiercely,B2,9,plain,
841,fara upp,fara,upp,jump up abruptly,B2,9,plain,
842,fara ut mot,fara,ut,lash out verbally at,B2,9,v+p+prep,
843,festa om,festa,om,party hard,B2,9,plain,
844,festa upp,festa,upp,squander (money) on partying,B2,9,plain,
845,flyga i,flyga,i,"suddenly possess, get into someone (impersonal)",C1,9,plain,
846,flyga på,flyga,på,attack physically,B2,9,plain,
847,flyga upp,flyga,upp,fly up; jump up abruptly; fly open (a door),B2,9,plain,
848,flyta in,flyta,in,float in; come in steadily (money),B2,9,plain,
849,fresta på,fresta,på,"be a strain, be taxing",B2,9,plain,
851,frysa på,frysa,på,"turn much colder, freeze over (weather)",B2,9,plain,
852,frysa till,frysa,till,freeze to ice,C1,9,plain,
853,frysa ut,frysa,ut,"ostracize, freeze out socially",B2,9,plain,
854,fråga om,fråga,om,ask again,B2,9,plain,
855,fråga ut,fråga,ut,"question in detail, interrogate",B2,9,plain,
856,fälla ut,fälla,ut,"fold out, spread out; precipitate (chemistry)",B2,9,plain,
857,följa upp,följa,upp,"follow up, monitor the result of",B1,9,plain,
858,föra med sig,föra,med,"bring along; entail, cause",B2,9,refl,
859,föra upp,föra,upp,"enter, record (in accounts)",B1,9,plain,
860,föra över,föra,över,transfer (money between accounts),B2,9,plain,
861,gripa sig an,gripa,an,"set about, tackle (a task)",B2,9,refl,
862,haka på,haka,på,"latch on close behind, tag along",B2,9,plain,
863,haka upp sig,haka,upp,"jam, get stuck (a machine); fixate on",B2,9,refl,
864,hinna upp,hinna,upp,catch up with,B2,9,plain,
865,hugga av,hugga,av,chop off,B2,9,plain,
866,hugga för sig,hugga,för,grab a big share brazenly,B2,9,refl,
867,hugga till,hugga,till,hurt with a sudden stab,B2,9,plain,
868,hugga till med,hugga,till,venture a guess,B2,9,v+p+prep,
869,hugga upp,hugga,upp,chop up (firewood),B2,9,plain,
870,hyra in,hyra,in,hire (temporary staff),B2,9,plain,
871,härda ut,härda,ut,"endure, stick it out",B2,9,plain,
872,häva upp,häva,upp,heave up; let out (a loud cry),B2,9,plain,
873,häva ur sig,häva,ur,blurt out (something offensive),B2,9,refl,
874,kamma hem,kamma,hem,"win, pull off a success",B2,9,plain,
875,kamma in,kamma,in,rake in (money),B2,9,plain,
876,kavla upp,kavla,upp,roll up (sleeves),B2,9,plain,
877,kavla ut,kavla,ut,roll out flat (dough),B2,9,plain,
878,klappa igen,klappa,igen,shut down (a shop),B2,9,plain,
879,klappa ihop,klappa,ihop,collapse physically,B2,9,plain,
880,klappa på,klappa,på,knock (on the door),B2,9,plain,
881,klara upp,klara,upp,"solve (a crime), clear up",B2,9,plain,
882,klara ut,klara,ut,"sort out, resolve",B2,9,plain,
883,klippa av,klippa,av,cut through; cut someone off curtly,B2,9,plain,
884,klippa ner,klippa,ner,"cut back, prune (plants)",B2,9,plain,
885,klippa till,klippa,till,hit someone; strike while the chance is there; cut to shape,B2,9,plain,
886,klämma fram,klämma,fram,force out (words) reluctantly,B2,9,plain,
887,klämma i,klämma,i,burst into loud song or playing,B2,9,plain,
888,klämma i sig,klämma,i,force food down,B2,9,refl,
889,klämma till,klämma,till,"squeeze hard; hit, hurt",B2,9,plain,
890,klämma till med,klämma,till,venture a guess,B2,9,v+p+prep,
891,klämma åt,klämma,åt,squeeze tight; crack down on someone,B2,9,plain,
892,knyta an till,knyta,an,"connect to, relate to",B2,9,v+p+prep,
893,knyta till sig,knyta,till,"recruit, attach (people) to oneself",B2,9,refl,
894,knyta upp,knyta,upp,untie,B2,9,plain,
895,knyta åt,knyta,åt,tie tightly,B2,9,plain,
896,knäppa av,knäppa,av,switch off,B2,9,plain,
897,knäppa ihop,knäppa,ihop,"button up, fasten together",B2,9,plain,
898,knäppa på,knäppa,på,switch on; pluck (strings),B2,9,plain,
899,knäppa till,knäppa,till,fasten (a button); turn suddenly cold,B2,9,plain,
900,koppla på,koppla,på,switch on (electricity),B2,9,plain,
901,koppla ur,koppla,ur,disconnect (electricity),B2,9,plain,
902,kosta på,kosta,på,invest money in; be taxing (impersonal),C1,9,plain,
903,kränga av sig,kränga,av,pull off (clothes) hastily,B2,9,refl,
904,kränga på sig,kränga,på,pull on (clothes) hastily,B2,9,refl,
906,kännas vid,kännas,vid,"acknowledge, own up to",B2,9,plain,
908,ladda om,ladda,om,reload,B2,9,plain,
909,ladda ur,ladda,ur,discharge (a battery),B2,9,plain,
910,leva kvar,leva,kvar,"survive, live on",B2,9,plain,
911,leva om,leva,om,live over again; make a mess or racket,B1,9,plain,
912,leva sig in i,leva,in,"immerse oneself in, empathize with",B2,9,refl,
913,leva upp,leva,upp,use up (money); come back to life,B2,9,plain,
914,leva upp till,leva,upp,live up to,B2,9,v+p+prep,
915,leva ut,leva,ut,"act out, give expression to",B2,9,plain,
916,linda in,linda,in,"wrap up; soften, sugar-coat (criticism)",B2,9,plain,
917,linda om,linda,om,"bandage, wrap around",B2,9,plain,
918,lugna ner sig,lugna,ner,calm down,B2,9,refl,
919,lura av,lura,av,trick someone out of (money),B2,9,plain,
920,lura i,lura,i,make someone believe a falsehood,B2,9,plain,
921,lura på,lura,på,foist something unwanted onto; ponder,B2,9,plain,
922,lura till sig,lura,till,obtain by trickery,B2,9,refl,
923,lura ur,lura,ur,coax (secrets) out by trickery,B2,9,plain,
924,lura ut,lura,ut,entice someone out; figure out,B2,9,plain,
925,lysa upp,lysa,upp,light up (a room); brighten (a face),B2,9,plain,
927,låsa sig ute,låsa,ute,lock oneself out,B2,9,refl,
928,låsa upp,låsa,upp,unlock,B2,9,plain,
929,lämna av,lämna,av,"drop off, deliver",B2,9,plain,
930,lämna upp,lämna,upp,deliver up,B2,9,plain,
931,lätta upp,lätta,upp,lighten (a mood),B2,9,plain,
932,lösa av,lösa,av,"relieve, take over from",B2,9,plain,
933,lösa in,lösa,in,"cash, redeem",B2,9,plain,
934,lösa upp,lösa,upp,dissolve,B2,9,plain,
935,lösa ut,lösa,ut,trigger (an alarm); collect against payment,B2,9,plain,
936,muta in,muta,in,"stake a claim to (land, a research field)",B2,9,plain,
937,måla av,måla,av,paint a likeness of,B2,9,plain,
938,måla om,måla,om,repaint,B2,9,plain,
939,måla upp,måla,upp,paint a tempting picture of,C1,9,plain,
940,måla ut,måla,ut,portray negatively,B2,9,plain,
941,mäta ut,mäta,ut,measure out a position; seize property for debt,B2,9,plain,
942,nöta in,nöta,in,drill in by repetition,B2,9,plain,
944,ordna in,ordna,in,arrange into a system,B2,9,plain,
945,ordna om,ordna,om,rearrange,B2,9,plain,
946,ordna upp,ordna,upp,"put in order, sort out",B2,9,plain,
947,packa om,packa,om,repack,B2,9,plain,
948,packa sig iväg,packa,iväg,clear off quickly,B2,9,refl,
949,passa upp,passa,upp,"wait on, serve",B2,9,plain,
950,plocka av,plocka,av,pick everything off; help oneself from,B2,9,plain,
951,plocka ner,plocka,ner,take down; dismantle,B2,9,plain,
952,plöja igenom,plöja,igenom,plough through (a lot of text),B2,9,plain,
953,plöja ner,plöja,ner,plough under; invest heavily,B2,9,plain,
954,plöja upp,plöja,upp,plough up (a field),B2,9,plain,
955,prata av sig,prata,av,unburden oneself by talking,B2,9,refl,
956,prata bort,prata,bort,chat away (time); talk someone's objections aside,B2,9,plain,
958,prata på,prata,på,keep on talking,B2,9,plain,
959,pröva på,pröva,på,"get a taste of, experience",B2,9,plain,
960,pröva ut,pröva,ut,"test until right, calibrate",B2,9,plain,
961,pyssla om,pyssla,om,"tend to, care for",B2,9,plain,
962,reda upp,reda,upp,straighten out (a tangled situation),B2,9,plain,
964,rikta in sig på,rikta,in,"aim for, set one's sights on",B2,9,refl,
965,rusta ner,rusta,ner,"disarm, reduce armaments",B2,9,plain,
966,rusta upp,rusta,upp,rearm; renovate,B2,9,plain,
967,rycka till,rycka,till,"flinch, jerk",B2,9,plain,
968,rycka till sig,rycka,till,snatch to oneself,B2,9,refl,
969,rycka upp sig,rycka,upp,"pull oneself together, cheer up",B2,9,refl,
970,rycka ut,rycka,ut,yank out; rush out on an emergency call; finish military service,C1,9,plain,
971,ryka ihop,ryka,ihop,fly at each other,B2,9,plain,
972,ryka på,ryka,på,"attack, fly at",B2,9,plain,
973,rå för,rå,för,"be to blame for, be able to help",B2,9,plain,
974,rå om,rå,om,own,B2,9,plain,
975,rå på,rå,på,"be stronger than, get the better of",B2,9,plain,
976,råka på,råka,på,run into by chance,B2,9,plain,
977,råka ut för,råka,ut,"be the victim of, meet with",B2,9,v+p+prep,
978,röra ihop,röra,ihop,"stir together quickly; mix up, confuse",B2,9,plain,
979,röra ner,röra,ner,stir in,B2,9,plain,
980,röra om,röra,om,stir around,B2,9,plain,
981,röra till,röra,till,make a mess,B2,9,plain,
982,röra upp,röra,upp,stir up (dust); stir up (feelings),B2,9,plain,
983,röra ut,röra,ut,dissolve by stirring,B2,9,plain,
984,sadla av,sadla,av,unsaddle,B2,9,plain,
985,sadla om,sadla,om,change career or direction,B2,9,plain,
986,sjunga ut,sjunga,ut,speak one's mind openly,B2,9,plain,
987,skjuta fram,skjuta,fram,push forward; postpone,B2,9,plain,
988,skjuta ner,skjuta,ner,shoot down,B2,9,plain,
989,skjuta på,skjuta,på,push from behind; postpone,B2,9,plain,
990,skjuta till,skjuta,till,push shut; contribute (money),B2,9,plain,
991,skratta till,skratta,till,give a sudden laugh,B2,9,plain,
992,skratta ut,skratta,ut,laugh someone to scorn; laugh oneself out,B2,9,plain,
993,skruva av,skruva,av,unscrew,B2,9,plain,
994,skruva i,skruva,i,screw in,B2,9,plain,
995,skruva på,skruva,på,turn on (a tap),B2,9,plain,
996,skynda till,skynda,till,rush to help,B2,9,plain,
997,skälla ut,skälla,ut,"scold, tell off",B2,9,plain,
998,skära ihop,skära,ihop,seize up (an engine),B2,9,plain,
999,smälla av,smälla,av,set off (fireworks); explode with emotion (slang),C1,9,plain,
1000,smälla ihop,smälla,ihop,slam shut; concoct (an excuse),B2,9,plain,
1001,smälla till,smälla,till,"swat, strike",B2,9,plain,
1002,smälla upp,smälla,upp,throw up (buildings) quickly,B2,9,plain,
1004,snappa upp,snappa,upp,pick up (news) by chance,B2,9,plain,
1005,snappa åt sig,snappa,åt,snatch up,B2,9,refl,
1006,spåra ur,spåra,ur,derail (a train); degenerate (a discussion),B2,9,plain,
1007,spänna av,spänna,av,unfasten; relax (colloquial),B2,9,plain,
1008,spänna fast,spänna,fast,"fasten, buckle",A2,9,plain,
1009,spänna åt,spänna,åt,tighten (a belt),B2,9,plain,
1010,spärra av,spärra,av,"cordon off, block",B2,9,plain,
1011,spärra in,spärra,in,"lock up, imprison",B2,9,plain,
1012,spärra upp,spärra,upp,open wide (the eyes),B2,9,plain,
1013,spöka ut sig,spöka,ut,dress up outlandishly,B2,9,refl,
1014,sticka av,sticka,av,stand out against the surroundings,C1,9,plain,
1015,sticka emellan,sticka,emellan,interject,B2,9,plain,
1016,sticka till,sticka,till,give a sudden stab of pain; slip something to someone secretly,B2,9,plain,
1017,sticka åt,sticka,åt,slip to someone secretly,B2,9,plain,
1018,stjälpa av,stjälpa,av,tip off (a load),B2,9,plain,
1019,stjälpa i sig,stjälpa,i,gulp down (a drink),B2,9,refl,
1020,streta emot,streta,emot,"resist, struggle against",B2,9,plain,
1021,streta på,streta,på,toil on despite difficulty,B2,9,plain,
1022,stryka av,stryka,av,wipe off,B2,9,plain,
1023,stryka för,stryka,för,"mark, highlight (in a text)",B2,9,plain,
1024,stryka med,stryka,med,"perish, be lost",B2,9,plain,
1025,stryka om,stryka,om,iron again,B2,9,plain,
1026,stryka på,stryka,på,brush on (paint),B2,9,plain,
1027,stryka under,stryka,under,underline; emphasize,B2,9,plain,
1028,stryka ut,stryka,ut,spread out evenly (paint); erase,B2,9,plain,
1029,stråla samman,stråla,samman,converge from different directions,B2,9,plain,
1031,stöta bort,stöta,bort,"push away, repel (people)",B2,9,plain,
1032,stöta ihop med,stöta,ihop,run into unexpectedly,B2,9,v+p+prep,
1033,stöta på,stöta,på,"bump into (a person); prompt, remind; make a pass at",B2,9,plain,
1034,stöta till,stöta,till,bump into accidentally,B2,9,plain,
1035,stöta upp,stöta,upp,"bring up, regurgitate",B2,9,plain,
1036,stöta ut,stöta,ut,push out (a boat); ostracize,B2,9,plain,
1037,suga ut,suga,ut,"suck out (air); exploit, bleed dry",B2,9,plain,
1038,suga åt sig,suga,åt,absorb,B2,9,refl,
1039,sy in,sy,in,take in (a garment); imprison (slang),C1,9,plain,
1040,sy om,sy,om,alter (a garment),B2,9,plain,
1041,sy upp,sy,upp,shorten (a garment); sew up a batch,B2,9,plain,
1042,titta efter,titta,efter,check carefully; gaze after,B2,9,plain,
1043,titta till,titta,till,"look in on, check on",B2,9,plain,
1044,titta över,titta,över,drop by; review,B2,9,plain,
1045,tjäna av,tjäna,av,serve out (a prison sentence),B2,9,plain,
1046,tjäna in,tjäna,in,save (time or money),B2,9,plain,
1047,tjäna ut,tjäna,ut,be worn out after long service,B2,9,plain,
1048,tona bort,tona,bort,fade away (sound),B2,9,plain,
1049,tona fram,tona,fram,emerge into view,B2,9,plain,
1050,tona ut,tona,ut,fade out (sound),B2,9,plain,
1051,trycka av,trycka,av,pull the trigger,B2,9,plain,
1053,trycka upp,trycka,upp,push up into; call (an elevator); print a large run,B2,9,plain,
1054,träda emellan,träda,emellan,"intervene, mediate",B2,9,plain,
1055,träda fram,träda,fram,"come forward, reveal oneself",B2,9,plain,
1056,tända på,tända,på,set fire to; be turned on by,B2,9,plain,
1057,tända till,tända,till,"flare up in anger; spark (attraction, impersonal)",C1,9,plain,
1058,varva ner,varva,ner,"slow the revs; wind down, relax",B1,9,plain,
1059,veckla av,veckla,av,unwrap,B2,9,plain,
1060,veckla in,veckla,in,wrap up,B2,9,plain,
1061,veckla in sig,veckla,in,get tangled up in (explanations),B2,9,refl,
1062,veckla ut,veckla,ut,unfold,B2,9,plain,
1063,vräka i sig,vräka,i,"devour, gobble",B2,9,refl,
1064,vräka ur sig,vräka,ur,blurt out (offensive things),B2,9,refl,
1065,växla in,växla,in,be switched onto another track; exchange (currency),B2,9,plain,
1066,växla ner,växla,ner,shift to a lower gear,B2,9,plain,
1067,växla om,växla,om,take turns; switch (channels),B2,9,plain,
1068,ösa på,ösa,på,ladle on more; speed up (slang),C1,9,plain,
1069,ösa över,ösa,över,pour into another container; shower (someone with gifts),B2,9,plain,
